"State","Instructions","Status","ExitCode"
"12345672121232","17318082","UNDER LIMIT","0"
"12345672123212","16894799","UNDER LIMIT","0"
"12345672321212","15016438","UNDER LIMIT","0"
"12345673131323","16970690","UNDER LIMIT","0"
"12345673132313","20165826","UNDER LIMIT","0"
"12345673231313","16688436","UNDER LIMIT","0"
"12345761111111","15922957","UNDER LIMIT","0"
"12346571111231","12288901","UNDER LIMIT","0"
"12346751113133","16364934","UNDER LIMIT","0"
"12347561112212","15282549","UNDER LIMIT","0"
"12347651111111","24204420","UNDER LIMIT","0"
"12347651122112","12359846","UNDER LIMIT","0"
"12347651133311","11163714","UNDER LIMIT","0"
"12347652111221","10015570","UNDER LIMIT","0"
"12347652123233","12442186","UNDER LIMIT","0"
"12347652123332","15272572","UNDER LIMIT","0"
"12347652223232","10869319","UNDER LIMIT","0"
"12347653111133","11561489","UNDER LIMIT","0"
"12347653132223","10913886","UNDER LIMIT","0"
"12347653132322","10797584","UNDER LIMIT","0"
"12347653332323","10968348","UNDER LIMIT","0"
"12354671111111","17488529","UNDER LIMIT","0"
"12354761112323","22571333","UNDER LIMIT","0"
"12354762121112","13267591","UNDER LIMIT","0"
"12354762121211","14348490","UNDER LIMIT","0"
"12354762311123","10574239","UNDER LIMIT","0"
"12354763131131","12567234","UNDER LIMIT","0"
"12354763133111","11509184","UNDER LIMIT","0"
"12354763211123","12321492","UNDER LIMIT","0"
"12356471113133","14716502","UNDER LIMIT","0"
"12356741133131","14306190","UNDER LIMIT","0"
"12356741313131","14874462","UNDER LIMIT","0"
"12356743113131","15023894","UNDER LIMIT","0"
"12357461111222","16090051","UNDER LIMIT","0"
"12357461113331","15564291","UNDER LIMIT","0"
"12357462211112","12779439","UNDER LIMIT","0"
"12357641113331","14979055","UNDER LIMIT","0"
"12364571112212","16683203","UNDER LIMIT","0"
"12364751112212","14617396","UNDER LIMIT","0"
"12364751113133","15291074","UNDER LIMIT","0"
"12364753311131","11742563","UNDER LIMIT","0"
"12365471111111","17480898","UNDER LIMIT","0"
"12365471211122","11545714","UNDER LIMIT","0"
"12365471313113","9804345","UNDER LIMIT","0"
"12365472223232","10745537","UNDER LIMIT","0"
"12365472321233","11696194","UNDER LIMIT","0"
"12365473232312","9509596","UNDER LIMIT","0"
"12365473332323","9965843","UNDER LIMIT","0"
"12365741113331","15242028","UNDER LIMIT","0"
"12367451123333","16314652","UNDER LIMIT","0"
"12367451132222","14810330","UNDER LIMIT","0"
"12367451213333","15671658","UNDER LIMIT","0"
"12367451312222","19438913","UNDER LIMIT","0"
"12367452113333","17949051","UNDER LIMIT","0"
"12367453112222","15703635","UNDER LIMIT","0"
"12367541112212","18048120","UNDER LIMIT","0"
"12367541113331","20456590","UNDER LIMIT","0"
"12367541331131","10935054","UNDER LIMIT","0"
"12374561121212","14899114","UNDER LIMIT","0"
"12374561211212","14603047","UNDER LIMIT","0"
"12374562111212","17749874","UNDER LIMIT","0"
"12374651111222","16433734","UNDER LIMIT","0"
"12375461111222","15961252","UNDER LIMIT","0"
"12375641113112","15433040","UNDER LIMIT","0"
"12376451111222","17000899","UNDER LIMIT","0"
"12376451113133","16234724","UNDER LIMIT","0"
"12376451221211","11453469","UNDER LIMIT","0"
"12376541112323","16813284","UNDER LIMIT","0"
"12376541232233","15625263","UNDER LIMIT","0"
"12376541322233","10611414","UNDER LIMIT","0"
"12376542121232","12738985","UNDER LIMIT","0"
"12376542123212","11845170","UNDER LIMIT","0"
"12376543133132","10807342","UNDER LIMIT","0"
"12376543133231","10695208","UNDER LIMIT","0"
"12456731132321","19223647","UNDER LIMIT","0"
"12456731233223","11200240","UNDER LIMIT","0"
"12456733223321","9956920","UNDER LIMIT","0"
"12463751231231","10944107","UNDER LIMIT","0"
"12467351131121","12256268","UNDER LIMIT","0"
"12467351231321","9935846","UNDER LIMIT","0"
"12473561132123","11582189","UNDER LIMIT","0"
"12536741112323","11805420","UNDER LIMIT","0"
"12537461332112","12027991","UNDER LIMIT","0"
"12543671111111","13969001","UNDER LIMIT","0"
"12543671211212","10761443","UNDER LIMIT","0"
"12543671331113","11361967","UNDER LIMIT","0"
"12543672121121","10247914","UNDER LIMIT","0"
"12543672321332","9793853","UNDER LIMIT","0"
"12543672322232","10220465","UNDER LIMIT","0"
"12543672331232","9795487","UNDER LIMIT","0"
"12543673111331","9941363","UNDER LIMIT","0"
"12543673221323","10899150","UNDER LIMIT","0"
"12543673231223","9476127","UNDER LIMIT","0"
"12543673233323","13376195","UNDER LIMIT","0"
"12546371221331","10974297","UNDER LIMIT","0"
"12563472131213","13145858","UNDER LIMIT","0"
"12563473131212","12348925","UNDER LIMIT","0"
"12564733323122","9778313","UNDER LIMIT","0"
"12567433232333","10847048","UNDER LIMIT","0"
"12576343212221","11896022","UNDER LIMIT","0"
"12637451132111","13746823","UNDER LIMIT","0"
"12637451332112","10295439","UNDER LIMIT","0"
"12643571321321","9991185","UNDER LIMIT","0"
"12645371131121","12617119","UNDER LIMIT","0"
"12673542331133","13723513","UNDER LIMIT","0"
"12734561112323","11647320","UNDER LIMIT","0"
"12734561322233","11045218","UNDER LIMIT","0"
"12734562313223","9680722","UNDER LIMIT","0"
"12745631111111","33356556","UNDER LIMIT","0"
"12745632111122","10627661","UNDER LIMIT","0"
"12745632212213","13213777","UNDER LIMIT","0"
"12745632222221","10224806","UNDER LIMIT","0"
"12745632232211","11663689","UNDER LIMIT","0"
"12745633131131","11794840","UNDER LIMIT","0"
"12745633313312","9931969","UNDER LIMIT","0"
"12745633313333","12409808","UNDER LIMIT","0"
"12745633323311","10269708","UNDER LIMIT","0"
"12753462231323","11698769","UNDER LIMIT","0"
"12763452322232","10382914","UNDER LIMIT","0"
"12765432121313","12029502","UNDER LIMIT","0"
"12765432222212","18243899","UNDER LIMIT","0"
"12765433121213","13459749","UNDER LIMIT","0"
"12765433331333","13447741","UNDER LIMIT","0"
"13245671321111","12861582","UNDER LIMIT","0"
"13246571111111","15006640","UNDER LIMIT","0"
"13246571112233","11466531","UNDER LIMIT","0"
"13246571113232","17109320","UNDER LIMIT","0"
"13246572321332","11593412","UNDER LIMIT","0"
"13246572331232","9638409","UNDER LIMIT","0"
"13246573221233","9698649","UNDER LIMIT","0"
"13246573321223","11509718","UNDER LIMIT","0"
"13246752133211","13747053","UNDER LIMIT","0"
"13247563212131","12138391","UNDER LIMIT","0"
"13254761322233","12440264","UNDER LIMIT","0"
"13254761323322","10878654","UNDER LIMIT","0"
"13254762321233","13505302","UNDER LIMIT","0"
"13254763323122","12605128","UNDER LIMIT","0"
"13257641112233","11489831","UNDER LIMIT","0"
"13265741112323","16945052","UNDER LIMIT","0"
"13265742131312","14431309","UNDER LIMIT","0"
"13267451122211","13678773","UNDER LIMIT","0"
"13267451311133","11313668","UNDER LIMIT","0"
"13267541111132","14361866","UNDER LIMIT","0"
"13267541232212","10889858","UNDER LIMIT","0"
"13274651112323","15175909","UNDER LIMIT","0"
"13275461112233","12510336","UNDER LIMIT","0"
"13275463213211","11542815","UNDER LIMIT","0"
"13275641112233","14530373","UNDER LIMIT","0"
"13275641112323","16505101","UNDER LIMIT","0"
"13275642131333","12375939","UNDER LIMIT","0"
"13275643212221","13477370","UNDER LIMIT","0"
"13276451113211","15701207","UNDER LIMIT","0"
"13276451233133","13090080","UNDER LIMIT","0"
"13276541133122","13038342","UNDER LIMIT","0"
"13276541213312","17102489","UNDER LIMIT","0"
"13276541321123","12087273","UNDER LIMIT","0"
"13276541322311","15223533","UNDER LIMIT","0"
"13276541323112","10008236","UNDER LIMIT","0"
"13276541323322","10406469","UNDER LIMIT","0"
"13276542323312","10924585","UNDER LIMIT","0"
"13276543323122","11102843","UNDER LIMIT","0"
"13462571111111","14397531","UNDER LIMIT","0"
"13462572213311","9786890","UNDER LIMIT","0"
"13527461211113","12008183","UNDER LIMIT","0"
"13542671231231","10304226","UNDER LIMIT","0"
"13546271213213","10752969","UNDER LIMIT","0"
"13546271231231","14087374","UNDER LIMIT","0"
"13546271321321","11515091","UNDER LIMIT","0"
"13572641122133","17990129","UNDER LIMIT","0"
"13576241312213","15104506","UNDER LIMIT","0"
"13576241321321","11076413","UNDER LIMIT","0"
"13627451332112","10559200","UNDER LIMIT","0"
"13642571221223","14116022","UNDER LIMIT","0"
"13642571223221","14139957","UNDER LIMIT","0"
"13642573221221","15236290","UNDER LIMIT","0"
"13645271221331","10474975","UNDER LIMIT","0"
"13647521111111","12800291","UNDER LIMIT","0"
"13675241112323","13848810","UNDER LIMIT","0"
"13675242331313","11488348","UNDER LIMIT","0"
"13725642332132","11115228","UNDER LIMIT","0"
"13754262123323","21627069","UNDER LIMIT","0"
"13762451321321","10400240","UNDER LIMIT","0"
"13764251211311","9429567","UNDER LIMIT","0"
"13764252323231","9765306","UNDER LIMIT","0"
"13765422121211","12373505","UNDER LIMIT","0"
"14263751131121","11134871","UNDER LIMIT","0"
"14267351321321","11201713","UNDER LIMIT","0"
"14275633323122","10822762","UNDER LIMIT","0"
"14325671111111","39370186","UNDER LIMIT","0"
"14325672112121","10112840","UNDER LIMIT","0"
"14325672231323","10913551","UNDER LIMIT","0"
"14325672323222","10742441","UNDER LIMIT","0"
"14325673123232","9887749","UNDER LIMIT","0"
"14325673232333","9869895","UNDER LIMIT","0"
"14325673311131","13658621","UNDER LIMIT","0"
"14327652131213","11316459","UNDER LIMIT","0"
"14327653121213","12329721","UNDER LIMIT","0"
"14352672212111","10711542","UNDER LIMIT","0"
"14356721112323","12094894","UNDER LIMIT","0"
"14356721322233","14927433","UNDER LIMIT","0"
"14367252322232","10605090","UNDER LIMIT","0"
"14367523311113","19975972","UNDER LIMIT","0"
"14523672121313","12135599","UNDER LIMIT","0"
"14523673121312","14750625","UNDER LIMIT","0"
"14527631121311","13094315","UNDER LIMIT","0"
"14527631131211","12634443","UNDER LIMIT","0"
"14527631133311","9913292","UNDER LIMIT","0"
"14527631211131","13869588","UNDER LIMIT","0"
"14527631311121","13666482","UNDER LIMIT","0"
"14527632122213","11242733","UNDER LIMIT","0"
"14527632212111","10684519","UNDER LIMIT","0"
"14527632333332","13994766","UNDER LIMIT","0"
"14527633132322","10392866","UNDER LIMIT","0"
"14527633312133","10711577","UNDER LIMIT","0"
"14536273311311","12482921","UNDER LIMIT","0"
"14537622231323","11477617","UNDER LIMIT","0"
"14563272323222","10146042","UNDER LIMIT","0"
"14567231312213","16445595","UNDER LIMIT","0"
"14567231321123","12837122","UNDER LIMIT","0"
"14573261333111","14272140","UNDER LIMIT","0"
"14625731111111","16986025","UNDER LIMIT","0"
"14625731131121","14125319","UNDER LIMIT","0"
"14625731322233","12235466","UNDER LIMIT","0"
"14625732112121","10409211","UNDER LIMIT","0"
"14625732113321","12146663","UNDER LIMIT","0"
"14625732213323","11649772","UNDER LIMIT","0"
"14625732233111","11242153","UNDER LIMIT","0"
"14625733133111","9740121","UNDER LIMIT","0"
"14632571111111","18520633","UNDER LIMIT","0"
"14632571321132","12000671","UNDER LIMIT","0"
"14652733321331","11268702","UNDER LIMIT","0"
"14673251111111","16761453","UNDER LIMIT","0"
"14723651111213","10913180","UNDER LIMIT","0"
"14723651111312","14550338","UNDER LIMIT","0"
"14723651112131","12483594","UNDER LIMIT","0"
"14723651113121","10485089","UNDER LIMIT","0"
"14723651211212","10207705","UNDER LIMIT","0"
"14723652322121","9036594","UNDER LIMIT","0"
"14723652331232","10949454","UNDER LIMIT","0"
"14723653232222","9417252","UNDER LIMIT","0"
"14723653313111","9505220","UNDER LIMIT","0"
"14723653321313","14283459","UNDER LIMIT","0"
"14725361111111","11763134","UNDER LIMIT","0"
"14725361111123","10767042","UNDER LIMIT","0"
"14725361322332","12033497","UNDER LIMIT","0"
"14725362211121","12181495","UNDER LIMIT","0"
"14725363211213","11222395","UNDER LIMIT","0"
"14725363213121","9602008","UNDER LIMIT","0"
"14725363223213","10084289","UNDER LIMIT","0"
"14725363311113","14044325","UNDER LIMIT","0"
"14726531223122","11715318","UNDER LIMIT","0"
"14726531232122","13131654","UNDER LIMIT","0"
"14726531233313","11467008","UNDER LIMIT","0"
"14726531333312","9828902","UNDER LIMIT","0"
"14726532232313","11260382","UNDER LIMIT","0"
"14726533323122","9610041","UNDER LIMIT","0"
"14735621221112","10539933","UNDER LIMIT","0"
"14735621223113","10059422","UNDER LIMIT","0"
"14735621223332","16029039","UNDER LIMIT","0"
"14735621233112","13263023","UNDER LIMIT","0"
"14735621323112","12761595","UNDER LIMIT","0"
"14735621332112","9751010","UNDER LIMIT","0"
"14735621333111","10145465","UNDER LIMIT","0"
"14735621333222","10086425","UNDER LIMIT","0"
"14736251111132","11300130","UNDER LIMIT","0"
"14736251112332","11346037","UNDER LIMIT","0"
"14736253222223","10051580","UNDER LIMIT","0"
"14736521132222","11601240","UNDER LIMIT","0"
"14736521133131","10968214","UNDER LIMIT","0"
"14736521211212","10546432","UNDER LIMIT","0"
"14736521213333","11390977","UNDER LIMIT","0"
"14736521221313","13106469","UNDER LIMIT","0"
"14736521321231","15663272","UNDER LIMIT","0"
"14736521322233","10908791","UNDER LIMIT","0"
"14736521332121","15169411","UNDER LIMIT","0"
"14736523112222","9976212","UNDER LIMIT","0"
"14736523113131","9641887","UNDER LIMIT","0"
"14752363222121","10081966","UNDER LIMIT","0"
"14752363232222","11795170","UNDER LIMIT","0"
"14752363233131","10665142","UNDER LIMIT","0"
"14752631111111","14218471","UNDER LIMIT","0"
"14752631112311","12062336","UNDER LIMIT","0"
"14752631323223","11123470","UNDER LIMIT","0"
"14752632332132","10050973","UNDER LIMIT","0"
"14752633213223","10900813","UNDER LIMIT","0"
"14752633222223","11543067","UNDER LIMIT","0"
"14752633223123","11398633","UNDER LIMIT","0"
"14752633223231","11513219","UNDER LIMIT","0"
"14753261221112","12649253","UNDER LIMIT","0"
"14753261323112","15781923","UNDER LIMIT","0"
"14753261333111","12707360","UNDER LIMIT","0"
"14762351221331","12194635","UNDER LIMIT","0"
"14762351321231","13448316","UNDER LIMIT","0"
"14762351331221","10142531","UNDER LIMIT","0"
"14763251221223","18532671","UNDER LIMIT","0"
"14763251222312","16188701","UNDER LIMIT","0"
"14763251332331","15993966","UNDER LIMIT","0"
"14763251333123","14203297","UNDER LIMIT","0"
"14763252322121","13577731","UNDER LIMIT","0"
"14763253132232","13027673","UNDER LIMIT","0"
"14763253133132","13380628","UNDER LIMIT","0"
"14763253133222","14998880","UNDER LIMIT","0"
"14763253133231","13685239","UNDER LIMIT","0"
"14763253221221","13978316","UNDER LIMIT","0"
"14763253222112","15800572","UNDER LIMIT","0"
"14763521113211","11649490","UNDER LIMIT","0"
"14763521113223","11536481","UNDER LIMIT","0"
"14763523222331","9500726","UNDER LIMIT","0"
"14765231111213","13286638","UNDER LIMIT","0"
"14765231111312","12155268","UNDER LIMIT","0"
"14765231112131","11441607","UNDER LIMIT","0"
"14765231113121","11324859","UNDER LIMIT","0"
"14765231133131","10662165","UNDER LIMIT","0"
"14765232211211","10048756","UNDER LIMIT","0"
"14765232232322","10569207","UNDER LIMIT","0"
"14765232331313","11734538","UNDER LIMIT","0"
"14765233113131","9136108","UNDER LIMIT","0"
"14765233323332","10070887","UNDER LIMIT","0"
"15236471111111","14949603","UNDER LIMIT","0"
"15236473231121","10693764","UNDER LIMIT","0"
"15243671331221","11241003","UNDER LIMIT","0"
"15246371331332","14834048","UNDER LIMIT","0"
"15246371332331","14207869","UNDER LIMIT","0"
"15246372331331","12938450","UNDER LIMIT","0"
"15267431223113","10688470","UNDER LIMIT","0"
"15273641112323","14719698","UNDER LIMIT","0"
"15324673113311","17015981","UNDER LIMIT","0"
"15342671211311","9760152","UNDER LIMIT","0"
"15346271321321","9548399","UNDER LIMIT","0"
"15367421211113","13894045","UNDER LIMIT","0"
"15367421223113","10952020","UNDER LIMIT","0"
"15367423211123","12321011","UNDER LIMIT","0"
"15426371111111","11740080","UNDER LIMIT","0"
"15426371112233","10845098","UNDER LIMIT","0"
"15463271313113","14068828","UNDER LIMIT","0"
"15624732123212","13642371","UNDER LIMIT","0"
"15624732133313","12634944","UNDER LIMIT","0"
"15624732333332","10798311","UNDER LIMIT","0"
"15627431223113","10768054","UNDER LIMIT","0"
"15627431322113","14491980","UNDER LIMIT","0"
"15627431332112","10929267","UNDER LIMIT","0"
"15634722123332","16210190","UNDER LIMIT","0"
"15634722321233","11611621","UNDER LIMIT","0"
"15637423211123","13226133","UNDER LIMIT","0"
"15642371111111","23695767","UNDER LIMIT","0"
"15642372213311","11511262","UNDER LIMIT","0"
"15642372231332","10338893","UNDER LIMIT","0"
"15642372331322","9893045","UNDER LIMIT","0"
"15642373212311","11383488","UNDER LIMIT","0"
"15642373221323","11199294","UNDER LIMIT","0"
"15642373231223","11665608","UNDER LIMIT","0"
"15643271221331","11428053","UNDER LIMIT","0"
"15643271331221","12119334","UNDER LIMIT","0"
"15643273223111","9946256","UNDER LIMIT","0"
"15647233213232","9670340","UNDER LIMIT","0"
"15672341113232","13482509","UNDER LIMIT","0"
"15672341323112","10707332","UNDER LIMIT","0"
"15672342323312","11891855","UNDER LIMIT","0"
"15672343213232","10150992","UNDER LIMIT","0"
"15672433312133","13611683","UNDER LIMIT","0"
"15724362212132","11661443","UNDER LIMIT","0"
"15724631111111","14126197","UNDER LIMIT","0"
"15724631211311","12000490","UNDER LIMIT","0"
"15724631322233","12858942","UNDER LIMIT","0"
"15724632123233","15246869","UNDER LIMIT","0"
"15724632313223","11778646","UNDER LIMIT","0"
"15724632323231","11208617","UNDER LIMIT","0"
"15724632323333","12459094","UNDER LIMIT","0"
"15724633132322","9590730","UNDER LIMIT","0"
"15734622331223","12099652","UNDER LIMIT","0"
"15746321111111","16233121","UNDER LIMIT","0"
"15746321323211","10461913","UNDER LIMIT","0"
"15746322313112","10038070","UNDER LIMIT","0"
"15762342122213","15557116","UNDER LIMIT","0"
"15763241111111","16086497","UNDER LIMIT","0"
"15763242323132","9671009","UNDER LIMIT","0"
"16243571132132","10073233","UNDER LIMIT","0"
"16243571231231","11540160","UNDER LIMIT","0"
"16243571321321","10349472","UNDER LIMIT","0"
"16245371231231","11810672","UNDER LIMIT","0"
"16254733312223","18372211","UNDER LIMIT","0"
"16257431132111","11577867","UNDER LIMIT","0"
"16257433223123","10064106","UNDER LIMIT","0"
"16273541122133","16708785","UNDER LIMIT","0"
"16273541321321","13166903","UNDER LIMIT","0"
"16275341312213","15976058","UNDER LIMIT","0"
"16275343122221","10923262","UNDER LIMIT","0"
"16327453232333","10206298","UNDER LIMIT","0"
"16342571331221","11091002","UNDER LIMIT","0"
"16345271111111","22984720","UNDER LIMIT","0"
"16345271133131","10252457","UNDER LIMIT","0"
"16345271222111","12890320","UNDER LIMIT","0"
"16345272322232","11077290","UNDER LIMIT","0"
"16345272333212","10385390","UNDER LIMIT","0"
"16345273122323","11382712","UNDER LIMIT","0"
"16345273233323","13753016","UNDER LIMIT","0"
"16347252131312","14447071","UNDER LIMIT","0"
"16347253121312","14044397","UNDER LIMIT","0"
"16357421223113","12318129","UNDER LIMIT","0"
"16374521112323","12158084","UNDER LIMIT","0"
"16374523211123","11644341","UNDER LIMIT","0"
"16423572112121","11285937","UNDER LIMIT","0"
"16427531211311","11744801","UNDER LIMIT","0"
"16427531231321","13118189","UNDER LIMIT","0"
"16427532333233","18804008","UNDER LIMIT","0"
"16453271111111","17206776","UNDER LIMIT","0"
"16453271211113","11930690","UNDER LIMIT","0"
"16453272111131","9846189","UNDER LIMIT","0"
"16475233132313","14684788","UNDER LIMIT","0"
"16523473332323","10175719","UNDER LIMIT","0"
"16523741112212","11855733","UNDER LIMIT","0"
"16524731112212","14932570","UNDER LIMIT","0"
"16524731112233","13133770","UNDER LIMIT","0"
"16524731113133","12509260","UNDER LIMIT","0"
"16527341111111","11519373","UNDER LIMIT","0"
"16527431123333","17380174","UNDER LIMIT","0"
"16527431222132","18580715","UNDER LIMIT","0"
"16527431312222","19909163","UNDER LIMIT","0"
"16527431333213","15801732","UNDER LIMIT","0"
"16527432113333","15622884","UNDER LIMIT","0"
"16527432211322","17463153","UNDER LIMIT","0"
"16527432231122","15863043","UNDER LIMIT","0"
"16527432231332","15034713","UNDER LIMIT","0"
"16527432331322","15915527","UNDER LIMIT","0"
"16527432333113","16173964","UNDER LIMIT","0"
"16527433312133","14132253","UNDER LIMIT","0"
"16532471111222","13878715","UNDER LIMIT","0"
"16534271111111","13673729","UNDER LIMIT","0"
"16534271111132","9785721","UNDER LIMIT","0"
"16534273211111","12687394","UNDER LIMIT","0"
"16534723211123","17211226","UNDER LIMIT","0"
"16537421111222","10661251","UNDER LIMIT","0"
"16537421113322","11242046","UNDER LIMIT","0"
"16537421113331","11226056","UNDER LIMIT","0"
"16537421223113","9987572","UNDER LIMIT","0"
"16537421233112","13835914","UNDER LIMIT","0"
"16537421332112","9974640","UNDER LIMIT","0"
"16542371221331","9445304","UNDER LIMIT","0"
"16542371331221","10487382","UNDER LIMIT","0"
"16542372112331","13331880","UNDER LIMIT","0"
"16543271221223","19324394","UNDER LIMIT","0"
"16543271223221","14658089","UNDER LIMIT","0"
"16543271331332","16155365","UNDER LIMIT","0"
"16543271332331","15899486","UNDER LIMIT","0"
"16543272331331","13800478","UNDER LIMIT","0"
"16543273221221","15272257","UNDER LIMIT","0"
"16543721111111","12248948","UNDER LIMIT","0"
"16543721113211","9887222","UNDER LIMIT","0"
"16547233332323","11913132","UNDER LIMIT","0"
"16547321113331","14973923","UNDER LIMIT","0"
"16572431111111","13737457","UNDER LIMIT","0"
"16572433213223","10400548","UNDER LIMIT","0"
"16573241123123","11758473","UNDER LIMIT","0"
"16573241312312","10446541","UNDER LIMIT","0"
"16574231113133","11989194","UNDER LIMIT","0"
"16723451122133","13464002","UNDER LIMIT","0"
"16723451322311","11109755","UNDER LIMIT","0"
"16725431121311","12103565","UNDER LIMIT","0"
"16725431131211","12556377","UNDER LIMIT","0"
"16725431211122","10254186","UNDER LIMIT","0"
"16725431211131","15332801","UNDER LIMIT","0"
"16725431311121","11823280","UNDER LIMIT","0"
"16725432211121","10955259","UNDER LIMIT","0"
"16725432232223","9635832","UNDER LIMIT","0"
"16725433113311","9457821","UNDER LIMIT","0"
"16725433122212","9604263","UNDER LIMIT","0"
"16725433333232","8987114","UNDER LIMIT","0"
"16735242122213","12825417","UNDER LIMIT","0"
"16742352232313","12739439","UNDER LIMIT","0"
"16743252323222","10350231","UNDER LIMIT","0"
"16745232121313","12852829","UNDER LIMIT","0"
"16745232122222","10930510","UNDER LIMIT","0"
"16745233121213","11854120","UNDER LIMIT","0"
"16745233333313","17198609","UNDER LIMIT","0"
"16753241221112","14719614","UNDER LIMIT","0"
"17246351111111","14042205","UNDER LIMIT","0"
"17265433111313","18091884","UNDER LIMIT","0"
"17324561211323","13291435","UNDER LIMIT","0"
"17324561232332","9599948","UNDER LIMIT","0"
"17326452212111","18121809","UNDER LIMIT","0"
"17356241212313","9994719","UNDER LIMIT","0"
"17356242211331","15445283","UNDER LIMIT","0"
"17362451211311","9728079","UNDER LIMIT","0"
"17362451231321","10177675","UNDER LIMIT","0"
"17362452213311","15137184","UNDER LIMIT","0"
"17364251231231","11797700","UNDER LIMIT","0"
"17423653213232","10249523","UNDER LIMIT","0"
"17425631122112","12016237","UNDER LIMIT","0"
"17425631223113","10980633","UNDER LIMIT","0"
"17425631313113","11620409","UNDER LIMIT","0"
"17425631322113","13754188","UNDER LIMIT","0"
"17425631322332","16223411","UNDER LIMIT","0"
"17425631323112","12566740","UNDER LIMIT","0"
"17425631323223","11391420","UNDER LIMIT","0"
"17425631332112","11261210","UNDER LIMIT","0"
"17426531112233","12139125","UNDER LIMIT","0"
"17426531121212","11648570","UNDER LIMIT","0"
"17426531132312","13005834","UNDER LIMIT","0"
"17426531213123","13892127","UNDER LIMIT","0"
"17426531223221","9734541","UNDER LIMIT","0"
"17426531232233","16867071","UNDER LIMIT","0"
"17426531313131","11713110","UNDER LIMIT","0"
"17426531331332","10331600","UNDER LIMIT","0"
"17426532121211","10481837","UNDER LIMIT","0"
"17426532331331","10977671","UNDER LIMIT","0"
"17435622211133","14809666","UNDER LIMIT","0"
"17435623211123","16374709","UNDER LIMIT","0"
"17436521323232","10351866","UNDER LIMIT","0"
"17452363213232","10370535","UNDER LIMIT","0"
"17452363322132","9213708","UNDER LIMIT","0"
"17452633213232","11653288","UNDER LIMIT","0"
"17453262211133","10723420","UNDER LIMIT","0"
"17462352213311","12130421","UNDER LIMIT","0"
"17463251122112","13209628","UNDER LIMIT","0"
"17463251221331","9966469","UNDER LIMIT","0"
"17463251313113","12816028","UNDER LIMIT","0"
"17463251321231","11666395","UNDER LIMIT","0"
"17463251323112","15830238","UNDER LIMIT","0"
"17463251331221","10711007","UNDER LIMIT","0"
"17526431131121","12473348","UNDER LIMIT","0"
"17526431231321","13547719","UNDER LIMIT","0"
"17526432123233","16020146","UNDER LIMIT","0"
"17543261111111","17827348","UNDER LIMIT","0"
"17543261132111","11563451","UNDER LIMIT","0"
"17642531111111","11412370","UNDER LIMIT","0"
"17642531112233","14212113","UNDER LIMIT","0"
"17642533312211","9537896","UNDER LIMIT","0"
"17643251122112","14003078","UNDER LIMIT","0"
"21345671111111","14461077","UNDER LIMIT","0"
"21345762223322","17235031","UNDER LIMIT","0"
"21345762312323","14569489","UNDER LIMIT","0"
"21345762313223","13224145","UNDER LIMIT","0"
"21345763332233","12651265","UNDER LIMIT","0"
"21346752313322","15589152","UNDER LIMIT","0"
"21347562312323","20067140","UNDER LIMIT","0"
"21354671122112","10753163","UNDER LIMIT","0"
"21354671131313","12575809","UNDER LIMIT","0"
"21354671221112","9264262","UNDER LIMIT","0"
"21354672311123","13605107","UNDER LIMIT","0"
"21354672311132","14667783","UNDER LIMIT","0"
"21354672313211","38026552","UNDER LIMIT","0"
"21354673131113","11468430","UNDER LIMIT","0"
"21354761112233","12059110","UNDER LIMIT","0"
"21354761112311","11085600","UNDER LIMIT","0"
"21354761113211","12333522","UNDER LIMIT","0"
"21354761113322","11410738","UNDER LIMIT","0"
"21354761122211","13816689","UNDER LIMIT","0"
"21354761133311","11225646","UNDER LIMIT","0"
"21354762213311","11890187","UNDER LIMIT","0"
"21354763312211","12472423","UNDER LIMIT","0"
"21357462311111","15443012","UNDER LIMIT","0"
"21357463213331","11937064","UNDER LIMIT","0"
"21357642221132","13760991","UNDER LIMIT","0"
"21364752311111","13157290","UNDER LIMIT","0"
"21364753212212","10660450","UNDER LIMIT","0"
"21365742221312","10619676","UNDER LIMIT","0"
"21365742312323","13928264","UNDER LIMIT","0"
"21367451311331","11244342","UNDER LIMIT","0"
"21367452112112","10984931","UNDER LIMIT","0"
"21374653333121","11436931","UNDER LIMIT","0"
"21375462312233","12069656","UNDER LIMIT","0"
"21375463333211","12431183","UNDER LIMIT","0"
"21376541111123","11445074","UNDER LIMIT","0"
"21376541112311","11302765","UNDER LIMIT","0"
"21376541122211","14379979","UNDER LIMIT","0"
"21376541131133","11028087","UNDER LIMIT","0"
"21457631321123","16896037","UNDER LIMIT","0"
"21473563331312","13226600","UNDER LIMIT","0"
"21536742222131","14123111","UNDER LIMIT","0"
"21654372231323","12443213","UNDER LIMIT","0"
"21654372233321","11627355","UNDER LIMIT","0"
"21654373332122","11337048","UNDER LIMIT","0"
"21654373332221","11166075","UNDER LIMIT","0"
"21734652123131","10297006","UNDER LIMIT","0"
"23147562123131","15862786","UNDER LIMIT","0"
"23147651112323","11569620","UNDER LIMIT","0"
"23147652312323","10746091","UNDER LIMIT","0"
"23156471222132","10040865","UNDER LIMIT","0"
"23156471333132","10239876","UNDER LIMIT","0"
"23156473323332","9763415","UNDER LIMIT","0"
"23157461231333","11897916","UNDER LIMIT","0"
"23157462131123","17490461","UNDER LIMIT","0"
"23164573213133","10798157","UNDER LIMIT","0"
"23164752131312","13409112","UNDER LIMIT","0"
"23164753333313","10979669","UNDER LIMIT","0"
"23165471111111","11610620","UNDER LIMIT","0"
"23165471311133","11940660","UNDER LIMIT","0"
"23165471312132","11163955","UNDER LIMIT","0"
"23165472111122","12357339","UNDER LIMIT","0"
"23165472111332","10774220","UNDER LIMIT","0"
"23165472132332","13341442","UNDER LIMIT","0"
"23165472311111","10637604","UNDER LIMIT","0"
"23165473233221","14744351","UNDER LIMIT","0"
"23165741112323","13511082","UNDER LIMIT","0"
"23165741231312","13830634","UNDER LIMIT","0"
"23165742123131","14640456","UNDER LIMIT","0"
"23165742131321","19859023","UNDER LIMIT","0"
"23165742131333","23264594","UNDER LIMIT","0"
"23165742312323","13853371","UNDER LIMIT","0"
"23165743331312","19162684","UNDER LIMIT","0"
"23167541233322","12096071","UNDER LIMIT","0"
"23167542131222","13921184","UNDER LIMIT","0"
"23174652123131","13103806","UNDER LIMIT","0"
"23175463211222","11296809","UNDER LIMIT","0"
"23176452132221","13629232","UNDER LIMIT","0"
"23176453332233","11948106","UNDER LIMIT","0"
"23416752121211","15724873","UNDER LIMIT","0"
"23417563232123","10599768","UNDER LIMIT","0"
"23456173212332","9873926","UNDER LIMIT","0"
"23456173233122","11828655","UNDER LIMIT","0"
"23456713212332","10245789","UNDER LIMIT","0"
"23475162121112","14799180","UNDER LIMIT","0"
"23517462131333","15820153","UNDER LIMIT","0"
"23576412233321","10379219","UNDER LIMIT","0"
"23576412312323","9856050","UNDER LIMIT","0"
"23657142121112","16340469","UNDER LIMIT","0"
"23671452122333","22492097","UNDER LIMIT","0"
"23674153232321","10055434","UNDER LIMIT","0"
"23751461132123","9732960","UNDER LIMIT","0"
"23751463112321","10537912","UNDER LIMIT","0"
"23756143222331","11959075","UNDER LIMIT","0"
"23756411222312","13206227","UNDER LIMIT","0"
"23756413222112","14723195","UNDER LIMIT","0"
"23756413223312","14163741","UNDER LIMIT","0"
"23756413322312","13990074","UNDER LIMIT","0"
"24153672321233","11783788","UNDER LIMIT","0"
"24157361313212","10918841","UNDER LIMIT","0"
"24157362323111","11771509","UNDER LIMIT","0"
"24167353132232","15338638","UNDER LIMIT","0"
"24173652323231","10280644","UNDER LIMIT","0"
"24315673311311","18600883","UNDER LIMIT","0"
"24315761122322","12204041","UNDER LIMIT","0"
"24315762213323","14296847","UNDER LIMIT","0"
"24351671212211","14176350","UNDER LIMIT","0"
"24351673111133","15167572","UNDER LIMIT","0"
"24351673311311","17968852","UNDER LIMIT","0"
"24351761111123","19509640","UNDER LIMIT","0"
"24351761212232","11804680","UNDER LIMIT","0"
"24367511323112","14010524","UNDER LIMIT","0"
"24367513111121","9957914","UNDER LIMIT","0"
"24376512222122","15688934","UNDER LIMIT","0"
"24516732233111","12484974","UNDER LIMIT","0"
"24531673123121","13171388","UNDER LIMIT","0"
"24536713231232","12324494","UNDER LIMIT","0"
"24537613231322","15838213","UNDER LIMIT","0"
"24561372111131","12516167","UNDER LIMIT","0"
"24563711121212","13778388","UNDER LIMIT","0"
"24563712121232","15058635","UNDER LIMIT","0"
"24563713121222","19135861","UNDER LIMIT","0"
"24571362221213","14725236","UNDER LIMIT","0"
"24571631121212","12467056","UNDER LIMIT","0"
"24615371112332","10706103","UNDER LIMIT","0"
"24615372213311","22161714","UNDER LIMIT","0"
"24615731122313","16525898","UNDER LIMIT","0"
"24615731132333","22256129","UNDER LIMIT","0"
"24615732111323","17375145","UNDER LIMIT","0"
"24615732213311","12891816","UNDER LIMIT","0"
"24615732233321","15122282","UNDER LIMIT","0"
"24615733113323","18981752","UNDER LIMIT","0"
"24615733311122","12985761","UNDER LIMIT","0"
"24617532233321","17547370","UNDER LIMIT","0"
"24637512311132","15756865","UNDER LIMIT","0"
"24651731113223","11728492","UNDER LIMIT","0"
"24651731333333","11128827","UNDER LIMIT","0"
"24715363311332","11770797","UNDER LIMIT","0"
"24715631111111","10565188","UNDER LIMIT","0"
"24715631122121","12509772","UNDER LIMIT","0"
"24715631122133","12276969","UNDER LIMIT","0"
"24715632313223","11464626","UNDER LIMIT","0"
"24715633112111","8515768","UNDER LIMIT","0"
"24715633131131","12402853","UNDER LIMIT","0"
"24716532323231","15588859","UNDER LIMIT","0"
"24731561111111","20422922","UNDER LIMIT","0"
"24731562311231","11991327","UNDER LIMIT","0"
"24736512222332","17650624","UNDER LIMIT","0"
"24751362221231","19092322","UNDER LIMIT","0"
"24751362321113","22688571","UNDER LIMIT","0"
"24761531221223","14884886","UNDER LIMIT","0"
"24763151111111","10680433","UNDER LIMIT","0"
"24765313222112","12533039","UNDER LIMIT","0"
"25134672233321","10903520","UNDER LIMIT","0"
"25134672312323","10450120","UNDER LIMIT","0"
"25134672313211","13647919","UNDER LIMIT","0"
"25137461111111","14016184","UNDER LIMIT","0"
"25137461211323","10472364","UNDER LIMIT","0"
"25163741112323","11885170","UNDER LIMIT","0"
"25314673111313","24854406","UNDER LIMIT","0"
"25314673111331","23512599","UNDER LIMIT","0"
"25314673131311","22625414","UNDER LIMIT","0"
"25341673113311","21414877","UNDER LIMIT","0"
"25341762313223","18917901","UNDER LIMIT","0"
"25364172311231","21378238","UNDER LIMIT","0"
"25364173223231","10294494","UNDER LIMIT","0"
"25367411211122","12360659","UNDER LIMIT","0"
"25413672323111","21508838","UNDER LIMIT","0"
"25413763121222","12942319","UNDER LIMIT","0"
"25436711311313","11314122","UNDER LIMIT","0"
"25436712123122","11264279","UNDER LIMIT","0"
"25436712123332","12238845","UNDER LIMIT","0"
"25436712132122","13244093","UNDER LIMIT","0"
"25436712323231","10362312","UNDER LIMIT","0"
"25436713232321","10336492","UNDER LIMIT","0"
"25436713332122","10442610","UNDER LIMIT","0"
"25463713212332","11293035","UNDER LIMIT","0"
"25471362323132","12115148","UNDER LIMIT","0"
"25471631312213","15661434","UNDER LIMIT","0"
"25631741212121","18871378","UNDER LIMIT","0"
"25634713321232","13333544","UNDER LIMIT","0"
"25641371213132","12664255","UNDER LIMIT","0"
"25714632123131","14823765","UNDER LIMIT","0"
"25714632223331","13317319","UNDER LIMIT","0"
"25714632313211","32960939","UNDER LIMIT","0"
"25714633121333","13489850","UNDER LIMIT","0"
"25716431212223","14261677","UNDER LIMIT","0"
"25716433223213","11458425","UNDER LIMIT","0"
"25731642232211","21443325","UNDER LIMIT","0"
"25734162221111","11963016","UNDER LIMIT","0"
"25734613113323","15352785","UNDER LIMIT","0"
"25736141111123","13727448","UNDER LIMIT","0"
"25736141233232","14134011","UNDER LIMIT","0"
"25736411133113","11578651","UNDER LIMIT","0"
"25736411231321","11817801","UNDER LIMIT","0"
"25736411321312","11429378","UNDER LIMIT","0"
"25736411331113","11991809","UNDER LIMIT","0"
"25736413123112","10796621","UNDER LIMIT","0"
"25741361232113","13898258","UNDER LIMIT","0"
"25741632222323","12661336","UNDER LIMIT","0"
"25741632312323","11575218","UNDER LIMIT","0"
"25743611233232","11474399","UNDER LIMIT","0"
"25763142223133","14843048","UNDER LIMIT","0"
"25763411332322","10875363","UNDER LIMIT","0"
"26135742132221","15136204","UNDER LIMIT","0"
"26135742213323","12224934","UNDER LIMIT","0"
"26135742332312","14447395","UNDER LIMIT","0"
"26153471122121","11282165","UNDER LIMIT","0"
"26153473131131","11269914","UNDER LIMIT","0"
"26153473132121","11299891","UNDER LIMIT","0"
"26154372332213","24267631","UNDER LIMIT","0"
"26175432331133","13951929","UNDER LIMIT","0"
"26317451212211","19454090","UNDER LIMIT","0"
"26345711223113","8374611","UNDER LIMIT","0"
"26371453112111","11112137","UNDER LIMIT","0"
"26415731322323","11997423","UNDER LIMIT","0"
"26415732121223","10791879","UNDER LIMIT","0"
"26415732233321","13972707","UNDER LIMIT","0"
"26435712222122","21439825","UNDER LIMIT","0"
"26435712233321","13794859","UNDER LIMIT","0"
"26435712311132","13926014","UNDER LIMIT","0"
"26435712322322","20059385","UNDER LIMIT","0"
"26435713311122","13522374","UNDER LIMIT","0"
"26435713333133","15366417","UNDER LIMIT","0"
"26437512122312","13965977","UNDER LIMIT","0"
"26453172211133","14277260","UNDER LIMIT","0"
"26453711333333","11526893","UNDER LIMIT","0"
"26513471122121","11806011","UNDER LIMIT","0"
"26517343333313","14055911","UNDER LIMIT","0"
"26534713333313","16000453","UNDER LIMIT","0"
"26543171111111","10640428","UNDER LIMIT","0"
"26543171123111","9098340","UNDER LIMIT","0"
"26547313131323","14209991","UNDER LIMIT","0"
"26573413331312","12272320","UNDER LIMIT","0"
"26714531212133","14441823","UNDER LIMIT","0"
"26714532121133","13623751","UNDER LIMIT","0"
"26715433231322","12145639","UNDER LIMIT","0"
"26741351232113","10447300","UNDER LIMIT","0"
"26743512121232","16472315","UNDER LIMIT","0"
"27134561131133","12523631","UNDER LIMIT","0"
"27154632311132","10630107","UNDER LIMIT","0"
"27314652313211","15970793","UNDER LIMIT","0"
"27365412321212","15626205","UNDER LIMIT","0"
"27415363131113","14877844","UNDER LIMIT","0"
"27415632323231","13693358","UNDER LIMIT","0"
"27415633321322","16401097","UNDER LIMIT","0"
"27416532133232","11336769","UNDER LIMIT","0"
"27416533321232","13678271","UNDER LIMIT","0"
"27435612122222","13017123","UNDER LIMIT","0"
"27453161123111","9223641","UNDER LIMIT","0"
"27453161132111","10774393","UNDER LIMIT","0"
"27456133132223","11585463","UNDER LIMIT","0"
"27516341111111","11392894","UNDER LIMIT","0"
"27534161111111","12117911","UNDER LIMIT","0"
"27534161111123","15106544","UNDER LIMIT","0"
"27534162311111","11241808","UNDER LIMIT","0"
"27534612311132","13654045","UNDER LIMIT","0"
"27536412332312","13599469","UNDER LIMIT","0"
"27543611111123","12902793","UNDER LIMIT","0"
"27543611111132","9756365","UNDER LIMIT","0"
"27546312231122","21370360","UNDER LIMIT","0"
"27613543333133","13854680","UNDER LIMIT","0"
"27614353311332","12341692","UNDER LIMIT","0"
"27615431312333","16172055","UNDER LIMIT","0"
"27615432113321","15648973","UNDER LIMIT","0"
"27615433313213","10318045","UNDER LIMIT","0"
"27634511131133","11585981","UNDER LIMIT","0"
"27634512233321","10952383","UNDER LIMIT","0"
"27643513311233","16807169","UNDER LIMIT","0"
"31246753312211","15907620","UNDER LIMIT","0"
"31247651113232","10562069","UNDER LIMIT","0"
"31247651323232","12246538","UNDER LIMIT","0"
"31256471231222","10520714","UNDER LIMIT","0"
"31257462222221","14568929","UNDER LIMIT","0"
"31257462312311","13511080","UNDER LIMIT","0"
"31257643311122","13119426","UNDER LIMIT","0"
"31264572122213","12295218","UNDER LIMIT","0"
"31264573132313","9789701","UNDER LIMIT","0"
"31264573222223","10133819","UNDER LIMIT","0"
"31264752132122","11566508","UNDER LIMIT","0"
"31264752313121","14487237","UNDER LIMIT","0"
"31265471111111","13844575","UNDER LIMIT","0"
"31265471122112","11244595","UNDER LIMIT","0"
"31265471122133","12466724","UNDER LIMIT","0"
"31265471312213","11303987","UNDER LIMIT","0"
"31265471313113","10673787","UNDER LIMIT","0"
"31265471321111","9492849","UNDER LIMIT","0"
"31265472233321","17416031","UNDER LIMIT","0"
"31265472312233","12389873","UNDER LIMIT","0"
"31265741233331","13594303","UNDER LIMIT","0"
"31267542222233","13410642","UNDER LIMIT","0"
"31267542313133","16994545","UNDER LIMIT","0"
"31275461112233","14650384","UNDER LIMIT","0"
"31275461322233","14914372","UNDER LIMIT","0"
"31275462133211","12172426","UNDER LIMIT","0"
"31275462223211","12608376","UNDER LIMIT","0"
"31275462311213","15547960","UNDER LIMIT","0"
"31275462312212","15673268","UNDER LIMIT","0"
"31275463311122","15663520","UNDER LIMIT","0"
"31276452133322","10477209","UNDER LIMIT","0"
"31276452313313","14701044","UNDER LIMIT","0"
"31452671323211","9956117","UNDER LIMIT","0"
"31452671332232","10617009","UNDER LIMIT","0"
"31452672322331","10459455","UNDER LIMIT","0"
"31456722111221","11364929","UNDER LIMIT","0"
"31462751111111","12853639","UNDER LIMIT","0"
"31462751113322","11266876","UNDER LIMIT","0"
"31475261322233","11360779","UNDER LIMIT","0"
"31475262331313","14822815","UNDER LIMIT","0"
"31475262333221","11635424","UNDER LIMIT","0"
"31524673332122","18039219","UNDER LIMIT","0"
"31527643332122","10497948","UNDER LIMIT","0"
"31564272212111","18639234","UNDER LIMIT","0"
"31564272213311","11236244","UNDER LIMIT","0"
"31564273113311","11463408","UNDER LIMIT","0"
"31572461122133","12193584","UNDER LIMIT","0"
"31624751112233","10135364","UNDER LIMIT","0"
"31624753312211","10955939","UNDER LIMIT","0"
"31627452221333","15398531","UNDER LIMIT","0"
"31654272313322","15731887","UNDER LIMIT","0"
"31754621331122","15494921","UNDER LIMIT","0"
"31765242322121","14472224","UNDER LIMIT","0"
"32145671111111","20618022","UNDER LIMIT","0"
"32145671123333","11132839","UNDER LIMIT","0"
"32145671132222","10902812","UNDER LIMIT","0"
"32145671221112","11263170","UNDER LIMIT","0"
"32145671333333","11035550","UNDER LIMIT","0"
"32145672113333","10458741","UNDER LIMIT","0"
"32145672212222","10398902","UNDER LIMIT","0"
"32145673112222","9872817","UNDER LIMIT","0"
"32145673311113","10597092","UNDER LIMIT","0"
"32146751232323","12056633","UNDER LIMIT","0"
"32146752232223","14861903","UNDER LIMIT","0"
"32147562313223","10768081","UNDER LIMIT","0"
"32147562333233","18544164","UNDER LIMIT","0"
"32147651123333","15422480","UNDER LIMIT","0"
"32147651132222","14057388","UNDER LIMIT","0"
"32147651213333","15921907","UNDER LIMIT","0"
"32147651312222","14624649","UNDER LIMIT","0"
"32147652113333","14187500","UNDER LIMIT","0"
"32147652231332","15425385","UNDER LIMIT","0"
"32147652233213","20548308","UNDER LIMIT","0"
"32147652331322","16984703","UNDER LIMIT","0"
"32147652332213","19745402","UNDER LIMIT","0"
"32147653112222","14425220","UNDER LIMIT","0"
"32156471111111","13204641","UNDER LIMIT","0"
"32156471113211","10805345","UNDER LIMIT","0"
"32156471232332","10581144","UNDER LIMIT","0"
"32156472312332","11025659","UNDER LIMIT","0"
"32156472332132","10856452","UNDER LIMIT","0"
"32156472332321","11904329","UNDER LIMIT","0"
"32156472333332","12278370","UNDER LIMIT","0"
"32156473223123","8694665","UNDER LIMIT","0"
"32156741112323","19290915","UNDER LIMIT","0"
"32156742311123","11311408","UNDER LIMIT","0"
"32156742313223","13093286","UNDER LIMIT","0"
"32156742333131","10870059","UNDER LIMIT","0"
"32157641232323","12197857","UNDER LIMIT","0"
"32157642231323","12256938","UNDER LIMIT","0"
"32164571111111","14255317","UNDER LIMIT","0"
"32164571111231","10642687","UNDER LIMIT","0"
"32164571232323","11010512","UNDER LIMIT","0"
"32164572232223","13245515","UNDER LIMIT","0"
"32164572232313","13230205","UNDER LIMIT","0"
"32164572233321","13287226","UNDER LIMIT","0"
"32164572312323","12647516","UNDER LIMIT","0"
"32164573323212","9897889","UNDER LIMIT","0"
"32165741111111","16778546","UNDER LIMIT","0"
"32165741111132","11462653","UNDER LIMIT","0"
"32165741233223","11510773","UNDER LIMIT","0"
"32165742211112","12642191","UNDER LIMIT","0"
"32165742331112","11095063","UNDER LIMIT","0"
"32165743311131","9965441","UNDER LIMIT","0"
"32167451111111","14718775","UNDER LIMIT","0"
"32167451213333","11037985","UNDER LIMIT","0"
"32167451222222","10321512","UNDER LIMIT","0"
"32167451312222","10193327","UNDER LIMIT","0"
"32167451333111","9845019","UNDER LIMIT","0"
"32167452211121","10267255","UNDER LIMIT","0"
"32167453222313","8904721","UNDER LIMIT","0"
"32167453313333","10463582","UNDER LIMIT","0"
"32167453321232","9736706","UNDER LIMIT","0"
"32174561112323","14417597","UNDER LIMIT","0"
"32174561232113","15114223","UNDER LIMIT","0"
"32174561232233","13710030","UNDER LIMIT","0"
"32174562231212","12287861","UNDER LIMIT","0"
"32174652312332","10780081","UNDER LIMIT","0"
"32174652332132","11068571","UNDER LIMIT","0"
"32175461111111","14561264","UNDER LIMIT","0"
"32175461113112","11001743","UNDER LIMIT","0"
"32175461221112","10057639","UNDER LIMIT","0"
"32175461333111","10324998","UNDER LIMIT","0"
"32175462233111","12357620","UNDER LIMIT","0"
"32175462312323","16831365","UNDER LIMIT","0"
"32416753121222","17262378","UNDER LIMIT","0"
"32417562113321","16283466","UNDER LIMIT","0"
"32417652132131","10859346","UNDER LIMIT","0"
"32417653132121","9562805","UNDER LIMIT","0"
"32451762331121","9879701","UNDER LIMIT","0"
"32456173212332","11103832","UNDER LIMIT","0"
"32456711233133","21120898","UNDER LIMIT","0"
"32465172112121","11915510","UNDER LIMIT","0"
"32465172132131","10118264","UNDER LIMIT","0"
"32465172133121","10283605","UNDER LIMIT","0"
"32465172332321","11631035","UNDER LIMIT","0"
"32465173123121","10776775","UNDER LIMIT","0"
"32465173132121","11140154","UNDER LIMIT","0"
"32465173133111","12144518","UNDER LIMIT","0"
"32465173233221","12241420","UNDER LIMIT","0"
"32475161232323","12234954","UNDER LIMIT","0"
"32475163331222","11338434","UNDER LIMIT","0"
"32476513232231","10226273","UNDER LIMIT","0"
"32517463131311","17879202","UNDER LIMIT","0"
"32546713323212","10879728","UNDER LIMIT","0"
"32547611121113","10743195","UNDER LIMIT","0"
"32547611131112","10723108","UNDER LIMIT","0"
"32547611213111","10742166","UNDER LIMIT","0"
"32547611312111","10870860","UNDER LIMIT","0"
"32547612111311","11072364","UNDER LIMIT","0"
"32547613111211","10564551","UNDER LIMIT","0"
"32561471113133","11820424","UNDER LIMIT","0"
"32561471121311","11050581","UNDER LIMIT","0"
"32561471122211","11418852","UNDER LIMIT","0"
"32561471131211","10891335","UNDER LIMIT","0"
"32561471211131","15058316","UNDER LIMIT","0"
"32561471311121","10854041","UNDER LIMIT","0"
"32561472133313","12025564","UNDER LIMIT","0"
"32561472213122","10875844","UNDER LIMIT","0"
"32561473222223","9000882","UNDER LIMIT","0"
"32561473323212","9676001","UNDER LIMIT","0"
"32567412122222","11996030","UNDER LIMIT","0"
"32567412131312","14821523","UNDER LIMIT","0"
"32567412222212","18228976","UNDER LIMIT","0"
"32567413131212","12265876","UNDER LIMIT","0"
"32567413133333","13773831","UNDER LIMIT","0"
"32576142313223","11892775","UNDER LIMIT","0"
"32615473332122","10938174","UNDER LIMIT","0"
"32647152133121","13953441","UNDER LIMIT","0"
"32647153132121","9785298","UNDER LIMIT","0"
"32647512333233","18276638","UNDER LIMIT","0"
"32657143121213","13723618","UNDER LIMIT","0"
"32657412111212","13486687","UNDER LIMIT","0"
"32671453123313","14594378","UNDER LIMIT","0"
"32674152113333","16780761","UNDER LIMIT","0"
"32714652332132","10490352","UNDER LIMIT","0"
"32716452123212","15826647","UNDER LIMIT","0"
"32741651121311","14754682","UNDER LIMIT","0"
"32741651131211","11287283","UNDER LIMIT","0"
"32741651211131","11519403","UNDER LIMIT","0"
"32741651311121","10799262","UNDER LIMIT","0"
"32741652111113","12019992","UNDER LIMIT","0"
"32741653111112","12064875","UNDER LIMIT","0"
"32745611223332","10621458","UNDER LIMIT","0"
"32745612313322","13456349","UNDER LIMIT","0"
"32745612322331","10214404","UNDER LIMIT","0"
"32751643321232","11515622","UNDER LIMIT","0"
"32754163211123","10097544","UNDER LIMIT","0"
"32756141233121","12450123","UNDER LIMIT","0"
"32761452121313","12522396","UNDER LIMIT","0"
"32761452122222","12199182","UNDER LIMIT","0"
"32761452222212","11578442","UNDER LIMIT","0"
"32761453121312","16970062","UNDER LIMIT","0"
"32761453133333","12350265","UNDER LIMIT","0"
"32765411112221","11271860","UNDER LIMIT","0"
"32765411121113","10010439","UNDER LIMIT","0"
"32765411131112","10437868","UNDER LIMIT","0"
"32765411133113","10873559","UNDER LIMIT","0"
"32765411331113","10007750","UNDER LIMIT","0"
"32765412221312","11683008","UNDER LIMIT","0"
"32765412323222","12535231","UNDER LIMIT","0"
"32765413122212","11209809","UNDER LIMIT","0"
"32765413223312","9729654","UNDER LIMIT","0"
"32765413231223","11600246","UNDER LIMIT","0"
"32765413322312","9681601","UNDER LIMIT","0"
"34125672131213","12839492","UNDER LIMIT","0"
"34125672131312","14237492","UNDER LIMIT","0"
"34125672221222","11773187","UNDER LIMIT","0"
"34125673133333","12415482","UNDER LIMIT","0"
"34127651121113","10277216","UNDER LIMIT","0"
"34127651131112","10413381","UNDER LIMIT","0"
"34127651213111","10871591","UNDER LIMIT","0"
"34127651312111","10758474","UNDER LIMIT","0"
"34127652111311","11259350","UNDER LIMIT","0"
"34127653111211","10105450","UNDER LIMIT","0"
"34162752132212","20533725","UNDER LIMIT","0"
"34165271112212","12323656","UNDER LIMIT","0"
"34165271121311","11645207","UNDER LIMIT","0"
"34165271131211","11782192","UNDER LIMIT","0"
"34165271211131","13178562","UNDER LIMIT","0"
"34165271311121","10630089","UNDER LIMIT","0"
"34165271311133","10904539","UNDER LIMIT","0"
"34165272323333","11921679","UNDER LIMIT","0"
"34165273133312","14281384","UNDER LIMIT","0"
"34165273222322","8865250","UNDER LIMIT","0"
"34165273311131","9361267","UNDER LIMIT","0"
"34167252213323","12231893","UNDER LIMIT","0"
"34172562132332","13786770","UNDER LIMIT","0"
"34172562313331","12690289","UNDER LIMIT","0"
"34175263321232","11583853","UNDER LIMIT","0"
"34216572213122","17584741","UNDER LIMIT","0"
"34261572132131","9718013","UNDER LIMIT","0"
"34261572133121","10181656","UNDER LIMIT","0"
"34261573123121","9555131","UNDER LIMIT","0"
"34265712212132","16351980","UNDER LIMIT","0"
"34275161312213","11953253","UNDER LIMIT","0"
"34275162112322","12936670","UNDER LIMIT","0"
"34275162213221","14086543","UNDER LIMIT","0"
"34516271111111","11685139","UNDER LIMIT","0"
"34516272312332","12988563","UNDER LIMIT","0"
"34516722313223","15890864","UNDER LIMIT","0"
"34517622231323","12875925","UNDER LIMIT","0"
"34521672223232","11753441","UNDER LIMIT","0"
"34526713232312","10964746","UNDER LIMIT","0"
"34527612211322","20390207","UNDER LIMIT","0"
"34527612231122","19953452","UNDER LIMIT","0"
"34527612231332","21519938","UNDER LIMIT","0"
"34527612331322","19791232","UNDER LIMIT","0"
"34527613312133","15958015","UNDER LIMIT","0"
"34561272122123","14665015","UNDER LIMIT","0"
"34561272122321","16969168","UNDER LIMIT","0"
"34561272212213","22164551","UNDER LIMIT","0"
"34561272213122","15243456","UNDER LIMIT","0"
"34561272232211","21668822","UNDER LIMIT","0"
"34561273221233","13933749","UNDER LIMIT","0"
"34561273233131","14531422","UNDER LIMIT","0"
"34561273311233","14319285","UNDER LIMIT","0"
"34561273313321","17336002","UNDER LIMIT","0"
"34561273321133","16030304","UNDER LIMIT","0"
"34561273321223","14070443","UNDER LIMIT","0"
"34561721111111","12438735","UNDER LIMIT","0"
"34562171321111","9816468","UNDER LIMIT","0"
"34562171321231","10476302","UNDER LIMIT","0"
"34562172232313","13837035","UNDER LIMIT","0"
"34567212223232","14327142","UNDER LIMIT","0"
"34617252111212","14290128","UNDER LIMIT","0"
"34617252123212","14872701","UNDER LIMIT","0"
"34617252132212","14879908","UNDER LIMIT","0"
"34617522221333","14001314","UNDER LIMIT","0"
"34621572132131","10482381","UNDER LIMIT","0"
"34625172111212","16312332","UNDER LIMIT","0"
"34627512232313","11541859","UNDER LIMIT","0"
"34651271123111","11789692","UNDER LIMIT","0"
"34651272332132","11464580","UNDER LIMIT","0"
"34675212222122","17369474","UNDER LIMIT","0"
"34715262221123","15058315","UNDER LIMIT","0"
"34716522223211","15854567","UNDER LIMIT","0"
"34721652121313","15745200","UNDER LIMIT","0"
"34721652131213","13915073","UNDER LIMIT","0"
"34721652221222","15689972","UNDER LIMIT","0"
"34721652222212","15214327","UNDER LIMIT","0"
"34721653333313","13201859","UNDER LIMIT","0"
"34725611212211","11198367","UNDER LIMIT","0"
"34725612111113","10223434","UNDER LIMIT","0"
"34725612121322","15335290","UNDER LIMIT","0"
"34725612231212","15273350","UNDER LIMIT","0"
"34725612231332","13726082","UNDER LIMIT","0"
"34725612322232","11286358","UNDER LIMIT","0"
"34725612331322","14354155","UNDER LIMIT","0"
"34725613111112","11047982","UNDER LIMIT","0"
"34725613111133","11433310","UNDER LIMIT","0"
"34725613132223","11166416","UNDER LIMIT","0"
"34725613311113","11558730","UNDER LIMIT","0"
"34761252323222","10222206","UNDER LIMIT","0"
"35126741232212","12518262","UNDER LIMIT","0"
"35126742231233","15225832","UNDER LIMIT","0"
"35127462331331","15573885","UNDER LIMIT","0"
"35162472122231","11431727","UNDER LIMIT","0"
"35162472123233","14239935","UNDER LIMIT","0"
"35162473122221","10104554","UNDER LIMIT","0"
"35162473323131","9982813","UNDER LIMIT","0"
"35162473332122","12558779","UNDER LIMIT","0"
"35162473332131","11173040","UNDER LIMIT","0"
"35162742213323","12791421","UNDER LIMIT","0"
"35167242132212","14325449","UNDER LIMIT","0"
"35172461232323","12111514","UNDER LIMIT","0"
"35174262213131","14402570","UNDER LIMIT","0"
"35174262231113","15441373","UNDER LIMIT","0"
"35246171111111","11743045","UNDER LIMIT","0"
"35246171113322","10450926","UNDER LIMIT","0"
"35246172213311","11733206","UNDER LIMIT","0"
"35267141223233","10733298","UNDER LIMIT","0"
"35267141321132","22235377","UNDER LIMIT","0"
"35271461322233","10401355","UNDER LIMIT","0"
"35416721113112","10514485","UNDER LIMIT","0"
"35416723232213","13905155","UNDER LIMIT","0"
"35417622223133","16010572","UNDER LIMIT","0"
"35426712131132","14625108","UNDER LIMIT","0"
"35426712311312","13239415","UNDER LIMIT","0"
"35426713111313","12804586","UNDER LIMIT","0"
"35426713131113","11766421","UNDER LIMIT","0"
"35426713312211","11549018","UNDER LIMIT","0"
"35461271111231","11670547","UNDER LIMIT","0"
"35461271321231","10166682","UNDER LIMIT","0"
"35461272222323","11289828","UNDER LIMIT","0"
"35462171131313","10369776","UNDER LIMIT","0"
"35462171212121","10800559","UNDER LIMIT","0"
"35462171221223","10132828","UNDER LIMIT","0"
"35462171332331","11229229","UNDER LIMIT","0"
"35462172213311","12318097","UNDER LIMIT","0"
"35462172223331","11307079","UNDER LIMIT","0"
"35462172312131","12040290","UNDER LIMIT","0"
"35462173123211","10916162","UNDER LIMIT","0"
"35462173131311","10934622","UNDER LIMIT","0"
"35462173221221","11265430","UNDER LIMIT","0"
"35462712322322","14011204","UNDER LIMIT","0"
"35472163222313","9779335","UNDER LIMIT","0"
"35472163231322","11614854","UNDER LIMIT","0"
"35476122221111","12178272","UNDER LIMIT","0"
"35614722321233","13116138","UNDER LIMIT","0"
"35617423131332","11952078","UNDER LIMIT","0"
"35624712121232","18903003","UNDER LIMIT","0"
"35624712321212","22017041","UNDER LIMIT","0"
"35624712321332","18646924","UNDER LIMIT","0"
"35624712331232","18653511","UNDER LIMIT","0"
"35714623111322","13293959","UNDER LIMIT","0"
"35721642221213","21325089","UNDER LIMIT","0"
"35762142222113","12684323","UNDER LIMIT","0"
"36125471111333","10675239","UNDER LIMIT","0"
"36125471212112","15154439","UNDER LIMIT","0"
"36125471213111","10550829","UNDER LIMIT","0"
"36125471222111","14710466","UNDER LIMIT","0"
"36125471312111","10450443","UNDER LIMIT","0"
"36125472111311","11003911","UNDER LIMIT","0"
"36125472121223","10667048","UNDER LIMIT","0"
"36125473111211","10562429","UNDER LIMIT","0"
"36125473232222","13371713","UNDER LIMIT","0"
"36125473323233","10319738","UNDER LIMIT","0"
"36125743222331","18289164","UNDER LIMIT","0"
"36127451333222","10442801","UNDER LIMIT","0"
"36145272122222","13541514","UNDER LIMIT","0"
"36145272131213","19287955","UNDER LIMIT","0"
"36145272131312","13800222","UNDER LIMIT","0"
"36145273333313","13924296","UNDER LIMIT","0"
"36147251121311","11236491","UNDER LIMIT","0"
"36147251131211","12675508","UNDER LIMIT","0"
"36147251211131","12217256","UNDER LIMIT","0"
"36147251311121","10696356","UNDER LIMIT","0"
"36147252111113","13467647","UNDER LIMIT","0"
"36147253111112","10767859","UNDER LIMIT","0"
"36152741231312","14516880","UNDER LIMIT","0"
"36152742131321","14600150","UNDER LIMIT","0"
"36172452133133","15584865","UNDER LIMIT","0"
"36217452131333","14989160","UNDER LIMIT","0"
"36217541223311","9477843","UNDER LIMIT","0"
"36217543213112","10600771","UNDER LIMIT","0"
"36241573212332","10614520","UNDER LIMIT","0"
"36241753212311","11840699","UNDER LIMIT","0"
"36415272123212","14474749","UNDER LIMIT","0"
"36417522123311","14114673","UNDER LIMIT","0"
"36514272212111","17653546","UNDER LIMIT","0"
"36521472113321","12459289","UNDER LIMIT","0"
"36521472331121","11896098","UNDER LIMIT","0"
"36527411131133","9780548","UNDER LIMIT","0"
"36527412111113","10267148","UNDER LIMIT","0"
"36527412131222","15341426","UNDER LIMIT","0"
"36527412211322","15802918","UNDER LIMIT","0"
"36527412221312","13691672","UNDER LIMIT","0"
"36527412231122","13882634","UNDER LIMIT","0"
"36527412322232","11037582","UNDER LIMIT","0"
"36527413111112","10716898","UNDER LIMIT","0"
"36527413311311","9524670","UNDER LIMIT","0"
"36541272323222","10168491","UNDER LIMIT","0"
"36542712121322","15994679","UNDER LIMIT","0"
"36547212121313","13203407","UNDER LIMIT","0"
"36547212122222","16330791","UNDER LIMIT","0"
"36547212131312","14605963","UNDER LIMIT","0"
"36547212221222","15270215","UNDER LIMIT","0"
"36547213331333","12207760","UNDER LIMIT","0"
"36712542121112","15787571","UNDER LIMIT","0"
"36712542121121","14906763","UNDER LIMIT","0"
"36712542121211","16722225","UNDER LIMIT","0"
"36712542122111","14523990","UNDER LIMIT","0"
"36714252232223","10928461","UNDER LIMIT","0"
"36714521232113","14955879","UNDER LIMIT","0"
"36714522121322","15275132","UNDER LIMIT","0"
"36714522122213","13662498","UNDER LIMIT","0"
"36714523132223","11840358","UNDER LIMIT","0"
"36714523132322","9991442","UNDER LIMIT","0"
"36721451131331","10376876","UNDER LIMIT","0"
"36721452121322","13196882","UNDER LIMIT","0"
"36721452122123","9416375","UNDER LIMIT","0"
"36721452122213","13469161","UNDER LIMIT","0"
"36721452122321","10931879","UNDER LIMIT","0"
"36721452131111","13040274","UNDER LIMIT","0"
"36721452223232","10987209","UNDER LIMIT","0"
"36721453113113","10708187","UNDER LIMIT","0"
"36721453121111","14090478","UNDER LIMIT","0"
"36725411121212","15769176","UNDER LIMIT","0"
"36725411131313","14260195","UNDER LIMIT","0"
"36725411212121","14246733","UNDER LIMIT","0"
"36725411313131","15881682","UNDER LIMIT","0"
"36725412111212","21380864","UNDER LIMIT","0"
"36725412121112","20048591","UNDER LIMIT","0"
"36725412121211","16655872","UNDER LIMIT","0"
"36725412121232","20248240","UNDER LIMIT","0"
"36725412123212","16510925","UNDER LIMIT","0"
"36725412321212","21251185","UNDER LIMIT","0"
"36725413111313","18945944","UNDER LIMIT","0"
"36725413131113","17166166","UNDER LIMIT","0"
"36725413131311","17016779","UNDER LIMIT","0"
"36741252122123","16489079","UNDER LIMIT","0"
"36741252122321","16685603","UNDER LIMIT","0"
"36741252122333","14781719","UNDER LIMIT","0"
"36741252123323","17034675","UNDER LIMIT","0"
"36741253233131","15353950","UNDER LIMIT","0"
"36745211211221","9685354","UNDER LIMIT","0"
"36745212121223","9748962","UNDER LIMIT","0"
"36745212122312","13407572","UNDER LIMIT","0"
"36745212122333","10986143","UNDER LIMIT","0"
"36745212123323","11346089","UNDER LIMIT","0"
"36745212131111","11364706","UNDER LIMIT","0"
"36745212223232","11595118","UNDER LIMIT","0"
"36745213121111","13391491","UNDER LIMIT","0"
"36745213131131","8957967","UNDER LIMIT","0"
"36745213133111","11141901","UNDER LIMIT","0"
"36745213232213","9976400","UNDER LIMIT","0"
"36751243222322","10810859","UNDER LIMIT","0"
"36752142122132","13238465","UNDER LIMIT","0"
"36752142123221","10950856","UNDER LIMIT","0"
"36752143132232","9969253","UNDER LIMIT","0"
"36752143133222","11277843","UNDER LIMIT","0"
"36752143211132","11766422","UNDER LIMIT","0"
"36754123232222","16770384","UNDER LIMIT","0"
"37246511112233","13243818","UNDER LIMIT","0"
"37256142321233","12852775","UNDER LIMIT","0"
"37415622333221","16194720","UNDER LIMIT","0"
"37426513132313","14674983","UNDER LIMIT","0"
"37452162323312","11548134","UNDER LIMIT","0"
"37516422333311","12589601","UNDER LIMIT","0"
"37561241311112","11886129","UNDER LIMIT","0"
"37612453122233","10468314","UNDER LIMIT","0"
"37612542221111","13134063","UNDER LIMIT","0"
"37614252221123","13164460","UNDER LIMIT","0"
"37614521111111","12276329","UNDER LIMIT","0"
"37614521323232","9773757","UNDER LIMIT","0"
"37614522111221","10420670","UNDER LIMIT","0"
"37614522113321","14155359","UNDER LIMIT","0"
"37614522313322","13421819","UNDER LIMIT","0"
"37614522323312","11552048","UNDER LIMIT","0"
"37614523232213","12108339","UNDER LIMIT","0"
"37615421113322","13093904","UNDER LIMIT","0"
"37615422211133","13969216","UNDER LIMIT","0"
"37615422223133","14416001","UNDER LIMIT","0"
"37615422313121","14395633","UNDER LIMIT","0"
"37615422313331","15279287","UNDER LIMIT","0"
"37615423121132","13839833","UNDER LIMIT","0"
"37624152311213","15363814","UNDER LIMIT","0"
"37624511232233","12560502","UNDER LIMIT","0"
"37624512121322","18349399","UNDER LIMIT","0"
"37624512231212","14396143","UNDER LIMIT","0"
"37624513131323","12276994","UNDER LIMIT","0"
"37624513231313","11999400","UNDER LIMIT","0"
"37641252222323","13374476","UNDER LIMIT","0"
"37642152213311","15030970","UNDER LIMIT","0"
"37642513122221","11423822","UNDER LIMIT","0"
"37645122312221","10182509","UNDER LIMIT","0"
"37651242211133","15770757","UNDER LIMIT","0"
"37651422312311","13860511","UNDER LIMIT","0"
"37652141113232","10546353","UNDER LIMIT","0"
"37652143231322","11394200","UNDER LIMIT","0"
"37654212311222","15120134","UNDER LIMIT","0"
"41236753232321","12093117","UNDER LIMIT","0"
"41237561313131","16390753","UNDER LIMIT","0"
"41263751312222","17948981","UNDER LIMIT","0"
"41325671212211","11970294","UNDER LIMIT","0"
"41325762313223","12359548","UNDER LIMIT","0"
"41325763131233","10373409","UNDER LIMIT","0"
"41352671212112","15568023","UNDER LIMIT","0"
"41352671212121","15968577","UNDER LIMIT","0"
"41352671222111","14816278","UNDER LIMIT","0"
"41357622313112","11025846","UNDER LIMIT","0"
"41367253111133","14465284","UNDER LIMIT","0"
"41532672313211","20096913","UNDER LIMIT","0"
"41532761233133","13202010","UNDER LIMIT","0"
"41563273113311","12128078","UNDER LIMIT","0"
"41576322212222","13261691","UNDER LIMIT","0"
"41625372313211","30400759","UNDER LIMIT","0"
"41625373121213","12533666","UNDER LIMIT","0"
"41625731222231","12691980","UNDER LIMIT","0"
"41635721212121","18181532","UNDER LIMIT","0"
"41657321222312","11806654","UNDER LIMIT","0"
"41673252212222","13989717","UNDER LIMIT","0"
"41673521111111","11330654","UNDER LIMIT","0"
"41723562313211","13669759","UNDER LIMIT","0"
"41725361232113","13546447","UNDER LIMIT","0"
"41725361321213","16117486","UNDER LIMIT","0"
"41725362221213","13867412","UNDER LIMIT","0"
"41725362313211","14080339","UNDER LIMIT","0"
"41725362313223","16354380","UNDER LIMIT","0"
"41725363121222","12889139","UNDER LIMIT","0"
"41725363121231","12499021","UNDER LIMIT","0"
"41725631111111","14646718","UNDER LIMIT","0"
"41725631211122","11065572","UNDER LIMIT","0"
"41725632322331","10236403","UNDER LIMIT","0"
"41725633111133","12177904","UNDER LIMIT","0"
"41725633121123","11990109","UNDER LIMIT","0"
"41725633211111","12424609","UNDER LIMIT","0"
"41726352313322","12134609","UNDER LIMIT","0"
"41726532312233","13963471","UNDER LIMIT","0"
"41735261323313","16875522","UNDER LIMIT","0"
"41735262312233","14013703","UNDER LIMIT","0"
"41735263123223","10201659","UNDER LIMIT","0"
"41735621233232","10757104","UNDER LIMIT","0"
"41735622313322","14174585","UNDER LIMIT","0"
"41736521233232","13542018","UNDER LIMIT","0"
"41736522332231","11030840","UNDER LIMIT","0"
"41752631222123","11652297","UNDER LIMIT","0"
"41752632311123","11921456","UNDER LIMIT","0"
"41752632312323","10730224","UNDER LIMIT","0"
"41752632313211","38054061","UNDER LIMIT","0"
"41756231321213","17356328","UNDER LIMIT","0"
"41756233121231","11450364","UNDER LIMIT","0"
"41762532221333","13545446","UNDER LIMIT","0"
"41762533123331","12208960","UNDER LIMIT","0"
"41765231233232","11353284","UNDER LIMIT","0"
"41765322221312","10654726","UNDER LIMIT","0"
"41765322313211","22455274","UNDER LIMIT","0"
"41765323122212","11456883","UNDER LIMIT","0"
"42136752131312","14282422","UNDER LIMIT","0"
"42137561123333","13802863","UNDER LIMIT","0"
"42137653122131","11235335","UNDER LIMIT","0"
"42137653132121","9553154","UNDER LIMIT","0"
"42157633231322","13991367","UNDER LIMIT","0"
"42163751121212","16112667","UNDER LIMIT","0"
"42165373223123","8342924","UNDER LIMIT","0"
"42167532131333","15414182","UNDER LIMIT","0"
"42315673112111","10117118","UNDER LIMIT","0"
"42351671212211","12561522","UNDER LIMIT","0"
"42351763231133","18886644","UNDER LIMIT","0"
"42367153111121","10744107","UNDER LIMIT","0"
"42367153211123","11585260","UNDER LIMIT","0"
"42516372233111","13443837","UNDER LIMIT","0"
"42561733323122","9265785","UNDER LIMIT","0"
"42573612323231","11149860","UNDER LIMIT","0"
"42573613322231","10351944","UNDER LIMIT","0"
"42613572313211","11879814","UNDER LIMIT","0"
"42615371313332","19389694","UNDER LIMIT","0"
"42615372213311","15487482","UNDER LIMIT","0"
"42615372221213","14337241","UNDER LIMIT","0"
"42615372313211","14507092","UNDER LIMIT","0"
"42651372213311","10217710","UNDER LIMIT","0"
"42651733311122","12631401","UNDER LIMIT","0"
"42673512232133","13545691","UNDER LIMIT","0"
"42751632321233","14706001","UNDER LIMIT","0"
"42751632323231","10882779","UNDER LIMIT","0"
"43126572133313","13464013","UNDER LIMIT","0"
"43167251232212","13051163","UNDER LIMIT","0"
"43176252123131","11716856","UNDER LIMIT","0"
"43176252311132","11150265","UNDER LIMIT","0"
"43216573132121","10023111","UNDER LIMIT","0"
"43216573132223","10834915","UNDER LIMIT","0"
"43216573212311","10899117","UNDER LIMIT","0"
"43216573212332","16013802","UNDER LIMIT","0"
"43512671313332","12877869","UNDER LIMIT","0"
"43527612312323","9947804","UNDER LIMIT","0"
"43561271111111","11000621","UNDER LIMIT","0"
"43571262122222","13308778","UNDER LIMIT","0"
"43572161111111","13079657","UNDER LIMIT","0"
"43572612312323","12290544","UNDER LIMIT","0"
"43576211123222","13984077","UNDER LIMIT","0"
"43576212112232","15520135","UNDER LIMIT","0"
"43615271333312","11763147","UNDER LIMIT","0"
"43615272113321","11962010","UNDER LIMIT","0"
"43617521223221","15064540","UNDER LIMIT","0"
"43621752213323","14216360","UNDER LIMIT","0"
"43651722323132","10733802","UNDER LIMIT","0"
"43675122222122","16823825","UNDER LIMIT","0"
"43675211221331","11184549","UNDER LIMIT","0"
"43721653231313","12424508","UNDER LIMIT","0"
"43751623123313","14696480","UNDER LIMIT","0"
"43765212222122","16877981","UNDER LIMIT","0"
"45167323322231","11478454","UNDER LIMIT","0"
"45176231131313","28500563","UNDER LIMIT","0"
"45176231133113","28308387","UNDER LIMIT","0"
"45176231331113","27526365","UNDER LIMIT","0"
"45176233131113","29185538","UNDER LIMIT","0"
"45176321131133","21623285","UNDER LIMIT","0"
"45213672221123","13710248","UNDER LIMIT","0"
"45273162222122","13963941","UNDER LIMIT","0"
"45276131131133","18210878","UNDER LIMIT","0"
"45312671222312","10348415","UNDER LIMIT","0"
"45312672223331","11898268","UNDER LIMIT","0"
"45312672233321","11037514","UNDER LIMIT","0"
"45312672313211","32608465","UNDER LIMIT","0"
"45312673132313","16827037","UNDER LIMIT","0"
"45312673222112","9283800","UNDER LIMIT","0"
"45312673231313","15850210","UNDER LIMIT","0"
"45312761113211","12038219","UNDER LIMIT","0"
"45312761133311","10876924","UNDER LIMIT","0"
"45312762221111","13081642","UNDER LIMIT","0"
"45312762311111","11768650","UNDER LIMIT","0"
"45321671212211","12316855","UNDER LIMIT","0"
"45321671221121","11787130","UNDER LIMIT","0"
"45321673113311","20070732","UNDER LIMIT","0"
"45327612222323","11835268","UNDER LIMIT","0"
"45362712122222","14629512","UNDER LIMIT","0"
"45367122223133","14116051","UNDER LIMIT","0"
"45367211111132","12409550","UNDER LIMIT","0"
"45367211211122","13174006","UNDER LIMIT","0"
"45367213111133","13303932","UNDER LIMIT","0"
"45376121131133","19290966","UNDER LIMIT","0"
"45376121331311","14645635","UNDER LIMIT","0"
"45376211333123","11579867","UNDER LIMIT","0"
"45376213131323","17081944","UNDER LIMIT","0"
"45376213333322","11333187","UNDER LIMIT","0"
"45612371133221","11868029","UNDER LIMIT","0"
"45612372331121","10921831","UNDER LIMIT","0"
"45612373112231","11043942","UNDER LIMIT","0"
"45612373132121","10474206","UNDER LIMIT","0"
"45612373132223","11426824","UNDER LIMIT","0"
"45612373322111","9557251","UNDER LIMIT","0"
"45612373332122","10713023","UNDER LIMIT","0"
"45612373332221","10960364","UNDER LIMIT","0"
"45613271331221","11071656","UNDER LIMIT","0"
"45613272233111","15078730","UNDER LIMIT","0"
"45621373123331","11945948","UNDER LIMIT","0"
"45621373211111","16388859","UNDER LIMIT","0"
"45621732212123","12358772","UNDER LIMIT","0"
"45621732233333","14324342","UNDER LIMIT","0"
"45623712332123","10162231","UNDER LIMIT","0"
"45623713322321","8500355","UNDER LIMIT","0"
"45637123132121","11065751","UNDER LIMIT","0"
"45637123332122","9553727","UNDER LIMIT","0"
"45671231132231","8712180","UNDER LIMIT","0"
"45671233112132","10800269","UNDER LIMIT","0"
"45673212212132","11255191","UNDER LIMIT","0"
"45673213211222","14039447","UNDER LIMIT","0"
"45713623223132","10217597","UNDER LIMIT","0"
"45721363321313","11483971","UNDER LIMIT","0"
"45721363322231","10660520","UNDER LIMIT","0"
"45732612233321","9772958","UNDER LIMIT","0"
"45736121122211","15856725","UNDER LIMIT","0"
"46123571111111","12779346","UNDER LIMIT","0"
"46123573232123","15928969","UNDER LIMIT","0"
"46125731333123","13382922","UNDER LIMIT","0"
"46127351131313","14889775","UNDER LIMIT","0"
"46127352131333","17117717","UNDER LIMIT","0"
"46127353131323","16596013","UNDER LIMIT","0"
"46135272133313","14734990","UNDER LIMIT","0"
"46153273131131","15528526","UNDER LIMIT","0"
"46157233333232","10847837","UNDER LIMIT","0"
"46157321331233","12962112","UNDER LIMIT","0"
"46215372121223","10778189","UNDER LIMIT","0"
"46215372313211","20725329","UNDER LIMIT","0"
"46257132211133","14859966","UNDER LIMIT","0"
"46257313312211","22687262","UNDER LIMIT","0"
"46273512122312","11244732","UNDER LIMIT","0"
"46273513221212","11239541","UNDER LIMIT","0"
"46275311123222","14569478","UNDER LIMIT","0"
"46275312112232","15520106","UNDER LIMIT","0"
"46275312132212","13450752","UNDER LIMIT","0"
"46275312232133","13094567","UNDER LIMIT","0"
"46275312313211","14740922","UNDER LIMIT","0"
"46275313121222","15178364","UNDER LIMIT","0"
"46275313312211","16248653","UNDER LIMIT","0"
"46321752111131","14070144","UNDER LIMIT","0"
"46352171211233","10628421","UNDER LIMIT","0"
"46352172113231","9854609","UNDER LIMIT","0"
"46372511221331","12141727","UNDER LIMIT","0"
"46375211211332","10767328","UNDER LIMIT","0"
"46375212113111","12293738","UNDER LIMIT","0"
"46375212132131","8920714","UNDER LIMIT","0"
"46375212132221","10600977","UNDER LIMIT","0"
"46375212332222","11274122","UNDER LIMIT","0"
"46375213112111","15244527","UNDER LIMIT","0"
"46375213123121","11300436","UNDER LIMIT","0"
"46375213333121","9773372","UNDER LIMIT","0"
"46512371331221","11643959","UNDER LIMIT","0"
"46512372113321","12916880","UNDER LIMIT","0"
"46513272332111","10268660","UNDER LIMIT","0"
"46513273113221","10537323","UNDER LIMIT","0"
"46523711331332","13385013","UNDER LIMIT","0"
"46527133111121","10059510","UNDER LIMIT","0"
"46572311223122","14319621","UNDER LIMIT","0"
"46572312132122","11840569","UNDER LIMIT","0"
"46721533123313","14412990","UNDER LIMIT","0"
"47123562232133","15465428","UNDER LIMIT","0"
"47123651233232","11736485","UNDER LIMIT","0"
"47126351233232","14077860","UNDER LIMIT","0"
"47126532133133","14185211","UNDER LIMIT","0"
"47132562311111","11881994","UNDER LIMIT","0"
"47132563222331","15744522","UNDER LIMIT","0"
"47132652233321","12410374","UNDER LIMIT","0"
"47135622132332","10774123","UNDER LIMIT","0"
"47136252133112","17088674","UNDER LIMIT","0"
"47152361233232","10621671","UNDER LIMIT","0"
"47152631322131","11354173","UNDER LIMIT","0"
"47156231332313","16036324","UNDER LIMIT","0"
"47156233211132","12144694","UNDER LIMIT","0"
"47156233223312","11342526","UNDER LIMIT","0"
"47156233233113","15678626","UNDER LIMIT","0"
"47156233322312","10949756","UNDER LIMIT","0"
"47156321111111","11937176","UNDER LIMIT","0"
"47156321133311","13421638","UNDER LIMIT","0"
"47156322132311","11496919","UNDER LIMIT","0"
"47156322313232","8638560","UNDER LIMIT","0"
"47156322332132","9280189","UNDER LIMIT","0"
"47156322332312","11332432","UNDER LIMIT","0"
"47156323223123","10879889","UNDER LIMIT","0"
"47162351322122","10612077","UNDER LIMIT","0"
"47163522131222","10333317","UNDER LIMIT","0"
"47165321232113","14793921","UNDER LIMIT","0"
"47165321322131","20057683","UNDER LIMIT","0"
"47165322132212","16088813","UNDER LIMIT","0"
"47165322133112","18161356","UNDER LIMIT","0"
"47165322232133","12602701","UNDER LIMIT","0"
"47165322313211","13869592","UNDER LIMIT","0"
"47216352131333","16018923","UNDER LIMIT","0"
"47251363131113","14498942","UNDER LIMIT","0"
"47251632131312","13445256","UNDER LIMIT","0"
"47256133212311","11313628","UNDER LIMIT","0"
"47256133321232","10536011","UNDER LIMIT","0"
"47265312122222","12831847","UNDER LIMIT","0"
"47265312131312","11388163","UNDER LIMIT","0"
"47265312313211","31928408","UNDER LIMIT","0"
"47321651311133","13870762","UNDER LIMIT","0"
"47352612123131","9884177","UNDER LIMIT","0"
"47352612311132","10926446","UNDER LIMIT","0"
"47352612313211","20185165","UNDER LIMIT","0"
"47512632312323","10568449","UNDER LIMIT","0"
"47621532232331","8833037","UNDER LIMIT","0"
"47621533231121","10743933","UNDER LIMIT","0"
"47632152233321","9899753","UNDER LIMIT","0"
"47632153212311","12394592","UNDER LIMIT","0"
"47632153232321","12310607","UNDER LIMIT","0"
"47632513212332","16657473","UNDER LIMIT","0"
"47652132231323","12098461","UNDER LIMIT","0"
"47653213211231","14885262","UNDER LIMIT","0"
"47653213232111","9827747","UNDER LIMIT","0"
"51264731113322","10121492","UNDER LIMIT","0"
"51264732213311","9541472","UNDER LIMIT","0"
"51267342312233","16816519","UNDER LIMIT","0"
"51324671211122","11169855","UNDER LIMIT","0"
"51324672212111","15222618","UNDER LIMIT","0"
"51324673113311","16395800","UNDER LIMIT","0"
"51324761111123","13178559","UNDER LIMIT","0"
"51324763113332","11424181","UNDER LIMIT","0"
"51342672212111","13722535","UNDER LIMIT","0"
"51342763312223","29620073","UNDER LIMIT","0"
"51367241211113","10183600","UNDER LIMIT","0"
"51423671221331","10940424","UNDER LIMIT","0"
"51426731111111","12063507","UNDER LIMIT","0"
"51426733312211","10792843","UNDER LIMIT","0"
"51472361131313","15163947","UNDER LIMIT","0"
"51472633331312","13933506","UNDER LIMIT","0"
"51623471321111","9454762","UNDER LIMIT","0"
"51623743313321","12380965","UNDER LIMIT","0"
"51624731312123","12840824","UNDER LIMIT","0"
"51624733323113","15589307","UNDER LIMIT","0"
"51632741323232","10723438","UNDER LIMIT","0"
"51642371122313","14611315","UNDER LIMIT","0"
"51642731113322","15041307","UNDER LIMIT","0"
"51647231113232","9736625","UNDER LIMIT","0"
"51723643131311","14294865","UNDER LIMIT","0"
"51724362122222","11058729","UNDER LIMIT","0"
"51724363121213","13145913","UNDER LIMIT","0"
"51726433123313","13802091","UNDER LIMIT","0"
"51732643121213","14396914","UNDER LIMIT","0"
"51742632323231","12111060","UNDER LIMIT","0"
"51742632323333","12758879","UNDER LIMIT","0"
"52134761232113","11487519","UNDER LIMIT","0"
"52147631121311","11632349","UNDER LIMIT","0"
"52147631131211","12285010","UNDER LIMIT","0"
"52147631211131","10090576","UNDER LIMIT","0"
"52147631311121","10605343","UNDER LIMIT","0"
"52147632111113","11649483","UNDER LIMIT","0"
"52147633111112","14247856","UNDER LIMIT","0"
"52163471112122","11308565","UNDER LIMIT","0"
"52163471213111","9967033","UNDER LIMIT","0"
"52163471312111","10894014","UNDER LIMIT","0"
"52163471333123","9903497","UNDER LIMIT","0"
"52163472111311","9916177","UNDER LIMIT","0"
"52163472131222","11445160","UNDER LIMIT","0"
"52163473111211","10998514","UNDER LIMIT","0"
"52163473111331","10524918","UNDER LIMIT","0"
"52163473221323","9573335","UNDER LIMIT","0"
"52163473323332","15296486","UNDER LIMIT","0"
"52167342121232","14070787","UNDER LIMIT","0"
"52167432121313","13609212","UNDER LIMIT","0"
"52167432122222","15205011","UNDER LIMIT","0"
"52167432131213","14049706","UNDER LIMIT","0"
"52167433133333","15406883","UNDER LIMIT","0"
"52167433331333","13721120","UNDER LIMIT","0"
"52174633223123","12316739","UNDER LIMIT","0"
"52314673311311","20231170","UNDER LIMIT","0"
"52314761322122","10870600","UNDER LIMIT","0"
"52341671111111","33416791","UNDER LIMIT","0"
"52341671122211","11712359","UNDER LIMIT","0"
"52341671311313","9589262","UNDER LIMIT","0"
"52341672211112","13878775","UNDER LIMIT","0"
"52341672232313","11072775","UNDER LIMIT","0"
"52341672323222","12591707","UNDER LIMIT","0"
"52341672323312","14375389","UNDER LIMIT","0"
"52341673133111","10505497","UNDER LIMIT","0"
"52341673232213","10035334","UNDER LIMIT","0"
"52341673232333","9866069","UNDER LIMIT","0"
"52341673323212","16364275","UNDER LIMIT","0"
"52361472121313","15228455","UNDER LIMIT","0"
"52361472131312","12336391","UNDER LIMIT","0"
"52367142211121","13752977","UNDER LIMIT","0"
"52367412322232","11106207","UNDER LIMIT","0"
"52374161112323","11638814","UNDER LIMIT","0"
"52376413222223","10911424","UNDER LIMIT","0"
"52463173212332","15470431","UNDER LIMIT","0"
"52463713212332","15832773","UNDER LIMIT","0"
"52471631223113","11987983","UNDER LIMIT","0"
"52471631323112","11458317","UNDER LIMIT","0"
"52614372313211","16924291","UNDER LIMIT","0"
"52641733212311","10352675","UNDER LIMIT","0"
"52641733232321","10460212","UNDER LIMIT","0"
"52673413232123","9559457","UNDER LIMIT","0"
"52713461232323","9970806","UNDER LIMIT","0"
"52714361232113","16225996","UNDER LIMIT","0"
"52714633213223","11033531","UNDER LIMIT","0"
"52714633223123","11144384","UNDER LIMIT","0"
"52731641233112","9570764","UNDER LIMIT","0"
"52731641323112","9099292","UNDER LIMIT","0"
"52736141322233","11452519","UNDER LIMIT","0"
"52741362313211","13152452","UNDER LIMIT","0"
"52741362313223","14049411","UNDER LIMIT","0"
"52741632122333","17656959","UNDER LIMIT","0"
"52741632123323","21482196","UNDER LIMIT","0"
"52741632212213","15224799","UNDER LIMIT","0"
"52741632212231","15036258","UNDER LIMIT","0"
"52741632232211","14026581","UNDER LIMIT","0"
"52741633221233","14500764","UNDER LIMIT","0"
"52741633313312","13871734","UNDER LIMIT","0"
"52741633313321","14730688","UNDER LIMIT","0"
"52741633321223","18677811","UNDER LIMIT","0"
"52741633323311","14377107","UNDER LIMIT","0"
"52743611111213","10877241","UNDER LIMIT","0"
"52743611111312","13648260","UNDER LIMIT","0"
"52743611112131","11849262","UNDER LIMIT","0"
"52743611113121","14608845","UNDER LIMIT","0"
"52743612131111","11247908","UNDER LIMIT","0"
"52743613121111","13389528","UNDER LIMIT","0"
"52761431111213","10850795","UNDER LIMIT","0"
"52761431111312","10798772","UNDER LIMIT","0"
"52761431112131","12182010","UNDER LIMIT","0"
"52761431113121","12337330","UNDER LIMIT","0"
"52761432131111","11810900","UNDER LIMIT","0"
"52761433121111","11311189","UNDER LIMIT","0"
"52763143222331","17405830","UNDER LIMIT","0"
"52763411222312","22060208","UNDER LIMIT","0"
"52763411333123","14305521","UNDER LIMIT","0"
"52763413222112","21590214","UNDER LIMIT","0"
"52763413223312","22431611","UNDER LIMIT","0"
"52763413322312","20894363","UNDER LIMIT","0"
"53126471231231","14465664","UNDER LIMIT","0"
"53126471231321","11246912","UNDER LIMIT","0"
"53126471321321","11994848","UNDER LIMIT","0"
"53146272123233","16176650","UNDER LIMIT","0"
"53147262123131","11652384","UNDER LIMIT","0"
"53162743312223","25299032","UNDER LIMIT","0"
"53274163211222","14229517","UNDER LIMIT","0"
"53421671321111","15493098","UNDER LIMIT","0"
"53421671321231","10091432","UNDER LIMIT","0"
"53426171112233","11564367","UNDER LIMIT","0"
"53462711113322","14648136","UNDER LIMIT","0"
"53467211321111","9736754","UNDER LIMIT","0"
"53476121323112","11728952","UNDER LIMIT","0"
"53476121323322","12209636","UNDER LIMIT","0"
"53614721212121","13408362","UNDER LIMIT","0"
"53621471331221","10648845","UNDER LIMIT","0"
"53642171111111","11915557","UNDER LIMIT","0"
"53672142221213","20037070","UNDER LIMIT","0"
"53714622233111","15312166","UNDER LIMIT","0"
"53721463223312","12231460","UNDER LIMIT","0"
"53724612121112","15120913","UNDER LIMIT","0"
"53726143333121","9889083","UNDER LIMIT","0"
"53741621323112","10917902","UNDER LIMIT","0"
"53741621332112","11004690","UNDER LIMIT","0"
"53742612323333","12849096","UNDER LIMIT","0"
"53761242121211","14424456","UNDER LIMIT","0"
"53761242221213","14843301","UNDER LIMIT","0"
"53761242321212","14873830","UNDER LIMIT","0"
"53762143222331","11546837","UNDER LIMIT","0"
"53762413322123","12274208","UNDER LIMIT","0"
"54123673233323","12108716","UNDER LIMIT","0"
"54126371331221","10541498","UNDER LIMIT","0"
"54127632131213","14401757","UNDER LIMIT","0"
"54127632222212","13535462","UNDER LIMIT","0"
"54127633131212","14510893","UNDER LIMIT","0"
"54127633133333","17096949","UNDER LIMIT","0"
"54127633333313","15813481","UNDER LIMIT","0"
"54163271133221","11798460","UNDER LIMIT","0"
"54163272233111","15979201","UNDER LIMIT","0"
"54167231121113","10183468","UNDER LIMIT","0"
"54167231131112","10195140","UNDER LIMIT","0"
"54167231221211","10435491","UNDER LIMIT","0"
"54167231333213","13255277","UNDER LIMIT","0"
"54167232112112","10357735","UNDER LIMIT","0"
"54167232133313","14830241","UNDER LIMIT","0"
"54167232333113","13186562","UNDER LIMIT","0"
"54167233232333","13007133","UNDER LIMIT","0"
"54167233331213","14784193","UNDER LIMIT","0"
"54172633132313","14653497","UNDER LIMIT","0"
"54217362233213","21105845","UNDER LIMIT","0"
"54217632132212","19562709","UNDER LIMIT","0"
"54231671123111","10149691","UNDER LIMIT","0"
"54231673123121","8838760","UNDER LIMIT","0"
"54261373123121","9945061","UNDER LIMIT","0"
"54261732231233","11841072","UNDER LIMIT","0"
"54276132233312","11978586","UNDER LIMIT","0"
"54312671131331","9639299","UNDER LIMIT","0"
"54312672212111","11037228","UNDER LIMIT","0"
"54312673311311","18581707","UNDER LIMIT","0"
"54317261113112","10156354","UNDER LIMIT","0"
"54317621111222","12843464","UNDER LIMIT","0"
"54321672212213","16935850","UNDER LIMIT","0"
"54321672212231","15725892","UNDER LIMIT","0"
"54321672232211","15170806","UNDER LIMIT","0"
"54321673313312","23586684","UNDER LIMIT","0"
"54321673313321","24122462","UNDER LIMIT","0"
"54321673323311","22364879","UNDER LIMIT","0"
"54321761211221","10309911","UNDER LIMIT","0"
"54321763113113","14145454","UNDER LIMIT","0"
"54326171111231","15349133","UNDER LIMIT","0"
"54326171112233","10004039","UNDER LIMIT","0"
"54326171321231","10664674","UNDER LIMIT","0"
"54326711112212","12747649","UNDER LIMIT","0"
"54327612223232","11876952","UNDER LIMIT","0"
"54361272223232","11442888","UNDER LIMIT","0"
"54362171113133","12247245","UNDER LIMIT","0"
"54362711111231","10464400","UNDER LIMIT","0"
"54362711323112","12472054","UNDER LIMIT","0"
"54367121112212","13838972","UNDER LIMIT","0"
"54367121113211","11751805","UNDER LIMIT","0"
"54367121113331","15628003","UNDER LIMIT","0"
"54367122211121","12740662","UNDER LIMIT","0"
"54367122311111","11979742","UNDER LIMIT","0"
"54367123311113","11678798","UNDER LIMIT","0"
"54367211132222","16044139","UNDER LIMIT","0"
"54367211213333","20183115","UNDER LIMIT","0"
"54367211222132","14247218","UNDER LIMIT","0"
"54367211333213","16603054","UNDER LIMIT","0"
"54367212211322","19953061","UNDER LIMIT","0"
"54367212231122","16685531","UNDER LIMIT","0"
"54367212233213","15503328","UNDER LIMIT","0"
"54367212332213","16034158","UNDER LIMIT","0"
"54367212333113","16675696","UNDER LIMIT","0"
"54367213112222","18877610","UNDER LIMIT","0"
"54367213312133","18467318","UNDER LIMIT","0"
"54371261113331","12031722","UNDER LIMIT","0"
"54371621113112","16562029","UNDER LIMIT","0"
"54371621113322","9797831","UNDER LIMIT","0"
"54376121322233","12529826","UNDER LIMIT","0"
"54376211111132","12605301","UNDER LIMIT","0"
"54376211111222","11564369","UNDER LIMIT","0"
"54376211113133","13103751","UNDER LIMIT","0"
"54612371112311","17235149","UNDER LIMIT","0"
"54612372222131","11414718","UNDER LIMIT","0"
"54612732112223","13836669","UNDER LIMIT","0"
"54612733322213","13883501","UNDER LIMIT","0"
"54621371133311","11700457","UNDER LIMIT","0"
"54621372211121","12431093","UNDER LIMIT","0"
"54637211132111","9822074","UNDER LIMIT","0"
"54671232221213","14430343","UNDER LIMIT","0"
"54712361323313","13967801","UNDER LIMIT","0"
"54712362223322","12933805","UNDER LIMIT","0"
"54716232222113","13454734","UNDER LIMIT","0"
"54716321112323","12873001","UNDER LIMIT","0"
"54716322313223","11401719","UNDER LIMIT","0"
"54721631111111","39623675","UNDER LIMIT","0"
"54721631122121","11698213","UNDER LIMIT","0"
"54721631311133","12366545","UNDER LIMIT","0"
"54721632133232","10663316","UNDER LIMIT","0"
"54721632212222","12641834","UNDER LIMIT","0"
"54721632212231","9794072","UNDER LIMIT","0"
"54721633231322","10750831","UNDER LIMIT","0"
"54721633313321","10727088","UNDER LIMIT","0"
"54721633333331","9801180","UNDER LIMIT","0"
"54723612131312","17279504","UNDER LIMIT","0"
"54723612221222","12957474","UNDER LIMIT","0"
"54723612222212","13457316","UNDER LIMIT","0"
"54723613121312","16121410","UNDER LIMIT","0"
"54723613333313","13826490","UNDER LIMIT","0"
"54761233322321","11284850","UNDER LIMIT","0"
"54763212322232","10811567","UNDER LIMIT","0"
"56123471222312","14044416","UNDER LIMIT","0"
"56123471223221","13577199","UNDER LIMIT","0"
"56123471331332","20564314","UNDER LIMIT","0"
"56123471333123","15300733","UNDER LIMIT","0"
"56123472322121","14871506","UNDER LIMIT","0"
"56123472331331","16389424","UNDER LIMIT","0"
"56123473133132","16365810","UNDER LIMIT","0"
"56123473133231","14472732","UNDER LIMIT","0"
"56123473222112","14153175","UNDER LIMIT","0"
"56123473223312","13524280","UNDER LIMIT","0"
"56123473322312","13754661","UNDER LIMIT","0"
"56124371111231","9878788","UNDER LIMIT","0"
"56124371232323","12756262","UNDER LIMIT","0"
"56127433332323","12299714","UNDER LIMIT","0"
"56132472333332","12202001","UNDER LIMIT","0"
"56132473211111","11498335","UNDER LIMIT","0"
"56132473213211","10200274","UNDER LIMIT","0"
"56143273332323","14671424","UNDER LIMIT","0"
"56147231222132","22745811","UNDER LIMIT","0"
"56147231333213","18414541","UNDER LIMIT","0"
"56147232233213","19188668","UNDER LIMIT","0"
"56147232332213","19883517","UNDER LIMIT","0"
"56147232333113","19168552","UNDER LIMIT","0"
"56147322333233","15155042","UNDER LIMIT","0"
"56173421113112","10079144","UNDER LIMIT","0"
"56174232323333","13279669","UNDER LIMIT","0"
"56174321232113","16721154","UNDER LIMIT","0"
"56213471111111","12675758","UNDER LIMIT","0"
"56213743313333","15554784","UNDER LIMIT","0"
"56243173133111","12959581","UNDER LIMIT","0"
"56243713121333","12791672","UNDER LIMIT","0"
"56247132333233","11753345","UNDER LIMIT","0"
"56271433111313","15920447","UNDER LIMIT","0"
"56271433123313","14530287","UNDER LIMIT","0"
"56271433132313","15705622","UNDER LIMIT","0"
"56274132331133","12526915","UNDER LIMIT","0"
"56274312313211","17965420","UNDER LIMIT","0"
"56321473233323","10403391","UNDER LIMIT","0"
"56321742211112","17759260","UNDER LIMIT","0"
"56324171221331","10796224","UNDER LIMIT","0"
"56327411211332","11711082","UNDER LIMIT","0"
"56327413213112","10317528","UNDER LIMIT","0"
"56341273121213","15195347","UNDER LIMIT","0"
"56341273131212","13295656","UNDER LIMIT","0"
"56347122333233","13319129","UNDER LIMIT","0"
"56347211213111","12560753","UNDER LIMIT","0"
"56347211222132","10697345","UNDER LIMIT","0"
"56347211312111","11989989","UNDER LIMIT","0"
"56347211331131","9025198","UNDER LIMIT","0"
"56347212111221","16909939","UNDER LIMIT","0"
"56347212111311","15709248","UNDER LIMIT","0"
"56347212123233","11568865","UNDER LIMIT","0"
"56347212232223","11096129","UNDER LIMIT","0"
"56347213111211","15055039","UNDER LIMIT","0"
"56347213131332","10584109","UNDER LIMIT","0"
"56423171231231","9870913","UNDER LIMIT","0"
"56423171231321","12016034","UNDER LIMIT","0"
"56423171321321","11261085","UNDER LIMIT","0"
"56423172112121","12271580","UNDER LIMIT","0"
"56423173132121","11273091","UNDER LIMIT","0"
"56423173133111","10821572","UNDER LIMIT","0"
"56432713122122","12049422","UNDER LIMIT","0"
"56712341232113","10216588","UNDER LIMIT","0"
"56712343211123","12063631","UNDER LIMIT","0"
"56721343123331","11631486","UNDER LIMIT","0"
"56721432312233","14980692","UNDER LIMIT","0"
"56723411113313","10674223","UNDER LIMIT","0"
"56723411121113","10404655","UNDER LIMIT","0"
"56723411131112","11005989","UNDER LIMIT","0"
"56723411222312","9976991","UNDER LIMIT","0"
"56723412122312","9571684","UNDER LIMIT","0"
"56723412323222","11745455","UNDER LIMIT","0"
"56723413221212","11176352","UNDER LIMIT","0"
"56723413222112","10780007","UNDER LIMIT","0"
"56723413331111","9891992","UNDER LIMIT","0"
"56732143122113","12830804","UNDER LIMIT","0"
"56741231121311","10213912","UNDER LIMIT","0"
"56741231131211","13942002","UNDER LIMIT","0"
"56741231211131","13564241","UNDER LIMIT","0"
"56741231311121","10722694","UNDER LIMIT","0"
"56741232111113","12547125","UNDER LIMIT","0"
"56741233111112","11235992","UNDER LIMIT","0"
"56743212122222","14475484","UNDER LIMIT","0"
"56743212221222","17109871","UNDER LIMIT","0"
"56743213121213","15131316","UNDER LIMIT","0"
"56743213121312","13411678","UNDER LIMIT","0"
"56743213331333","15431912","UNDER LIMIT","0"
"57123461111111","13016560","UNDER LIMIT","0"
"57164322131312","13058145","UNDER LIMIT","0"
"57214361323232","10063131","UNDER LIMIT","0"
"57214632212213","21445666","UNDER LIMIT","0"
"57236141113232","11012349","UNDER LIMIT","0"
"57236141322233","10193202","UNDER LIMIT","0"
"57236141323232","16739095","UNDER LIMIT","0"
"57241631322113","9248341","UNDER LIMIT","0"
"57241631323112","8867181","UNDER LIMIT","0"
"57246131112233","12582284","UNDER LIMIT","0"
"57264132111323","14642978","UNDER LIMIT","0"
"57321641311112","12878295","UNDER LIMIT","0"
"57321642311132","12787729","UNDER LIMIT","0"
"57364212213311","17026547","UNDER LIMIT","0"
"57364212313211","13978884","UNDER LIMIT","0"
"57364213332122","10734234","UNDER LIMIT","0"
"57642311113322","11061064","UNDER LIMIT","0"
"61234572231323","12248651","UNDER LIMIT","0"
"61234573232213","10689380","UNDER LIMIT","0"
"61235741313131","18987514","UNDER LIMIT","0"
"61257343232123","10649701","UNDER LIMIT","0"
"61274351313131","14227311","UNDER LIMIT","0"
"61274532231323","11727210","UNDER LIMIT","0"
"61352472233321","9666640","UNDER LIMIT","0"
"61352472313211","24171651","UNDER LIMIT","0"
"61452731311313","14480812","UNDER LIMIT","0"
"61453721111111","11337604","UNDER LIMIT","0"
"61453721311112","10490033","UNDER LIMIT","0"
"61453723111121","9436486","UNDER LIMIT","0"
"61472532123332","11233638","UNDER LIMIT","0"
"61472533112111","9116986","UNDER LIMIT","0"
"61527431111111","13127086","UNDER LIMIT","0"
"61534272311132","13328069","UNDER LIMIT","0"
"61534721112311","11239136","UNDER LIMIT","0"
"61534721113211","9951830","UNDER LIMIT","0"
"61543271111111","14208885","UNDER LIMIT","0"
"61543271112311","12111741","UNDER LIMIT","0"
"61572432312323","11209498","UNDER LIMIT","0"
"61734523222331","15484359","UNDER LIMIT","0"
"62134572321323","13180025","UNDER LIMIT","0"
"62135471122121","12114871","UNDER LIMIT","0"
"62135472132131","10291598","UNDER LIMIT","0"
"62135473122131","10083591","UNDER LIMIT","0"
"62135473123121","13288550","UNDER LIMIT","0"
"62135473131131","12036301","UNDER LIMIT","0"
"62135473132121","11826906","UNDER LIMIT","0"
"62135473232231","11159567","UNDER LIMIT","0"
"62135473322321","11168885","UNDER LIMIT","0"
"62135743222331","10788934","UNDER LIMIT","0"
"62135743312223","19028318","UNDER LIMIT","0"
"62147353123121","11396816","UNDER LIMIT","0"
"62147353132121","9566711","UNDER LIMIT","0"
"62154733321121","9088256","UNDER LIMIT","0"
"62157342132212","13455964","UNDER LIMIT","0"
"62173543232132","11230484","UNDER LIMIT","0"
"62174351122133","14324846","UNDER LIMIT","0"
"62174533311212","12278634","UNDER LIMIT","0"
"62317453112111","10209452","UNDER LIMIT","0"
"62317453312211","14633398","UNDER LIMIT","0"
"62351743112123","19260393","UNDER LIMIT","0"
"62371453311311","11982844","UNDER LIMIT","0"
"62374511322311","8620506","UNDER LIMIT","0"
"62374513112321","11902578","UNDER LIMIT","0"
"62374513312112","9428762","UNDER LIMIT","0"
"62435172211133","15767912","UNDER LIMIT","0"
"62435172311132","16348015","UNDER LIMIT","0"
"62435711222222","10376262","UNDER LIMIT","0"
"62453713311122","14542723","UNDER LIMIT","0"
"62471532232133","11675770","UNDER LIMIT","0"
"62475131322323","10249384","UNDER LIMIT","0"
"62531472321233","12017935","UNDER LIMIT","0"
"62543711211113","10931636","UNDER LIMIT","0"
"62543711311112","10580402","UNDER LIMIT","0"
"62571432321233","15317056","UNDER LIMIT","0"
"62735143223213","12052225","UNDER LIMIT","0"
"63125741112323","18893032","UNDER LIMIT","0"
"63125743131233","11147525","UNDER LIMIT","0"
"63125743133312","11245453","UNDER LIMIT","0"
"63142571111111","12549435","UNDER LIMIT","0"
"63142571132321","19003116","UNDER LIMIT","0"
"63142573112123","18281434","UNDER LIMIT","0"
"63172452312323","10119083","UNDER LIMIT","0"
"63172452313211","20440183","UNDER LIMIT","0"
"63174522332132","10214548","UNDER LIMIT","0"
"63247511123132","11151704","UNDER LIMIT","0"
"63251743133231","14756188","UNDER LIMIT","0"
"63452711311313","11963537","UNDER LIMIT","0"
"63452712333221","10073045","UNDER LIMIT","0"
"63471522123131","12468267","UNDER LIMIT","0"
"63471522323132","12970044","UNDER LIMIT","0"
"63471522332132","10767194","UNDER LIMIT","0"
"63472512123332","12059128","UNDER LIMIT","0"
"63512743313333","16080658","UNDER LIMIT","0"
"63541271212211","18276040","UNDER LIMIT","0"
"63542713121333","16334751","UNDER LIMIT","0"
"63574212123131","10205622","UNDER LIMIT","0"
"63574212313211","16389862","UNDER LIMIT","0"
"63712542221111","10837569","UNDER LIMIT","0"
"63714252123131","13431886","UNDER LIMIT","0"
"63714521112323","13543156","UNDER LIMIT","0"
"63714522332132","8982365","UNDER LIMIT","0"
"63721541233322","11136058","UNDER LIMIT","0"
"63724153121213","16387604","UNDER LIMIT","0"
"63725141112323","17871501","UNDER LIMIT","0"
"63725141233121","12184073","UNDER LIMIT","0"
"63725142123131","17327756","UNDER LIMIT","0"
"63725142223133","15877694","UNDER LIMIT","0"
"63725143122113","14028855","UNDER LIMIT","0"
"63725143123313","19586401","UNDER LIMIT","0"
"63741252222323","11662104","UNDER LIMIT","0"
"63741522123131","11997521","UNDER LIMIT","0"
"63742511232221","11581561","UNDER LIMIT","0"
"63745123122212","10587674","UNDER LIMIT","0"
"63751242221321","13704934","UNDER LIMIT","0"
"63751423122311","12725278","UNDER LIMIT","0"
"63752141111111","15317832","UNDER LIMIT","0"
"63752141122211","14136127","UNDER LIMIT","0"
"63752141123213","11274411","UNDER LIMIT","0"
"63752142332132","10041304","UNDER LIMIT","0"
"63752143123223","9878490","UNDER LIMIT","0"
"63752143212323","9979974","UNDER LIMIT","0"
"63752143223123","11046119","UNDER LIMIT","0"
"63752411223212","11582050","UNDER LIMIT","0"
"63752411333213","16470172","UNDER LIMIT","0"
"63752412312323","13718098","UNDER LIMIT","0"
"63752412322112","10569971","UNDER LIMIT","0"
"63752412333113","15688397","UNDER LIMIT","0"
"63754213122122","12597353","UNDER LIMIT","0"
"64125371131313","17193624","UNDER LIMIT","0"
"64157321133212","25226122","UNDER LIMIT","0"
"64231572311132","13141557","UNDER LIMIT","0"
"64257131113223","13078510","UNDER LIMIT","0"
"64271533221212","11953163","UNDER LIMIT","0"
"64275131212223","15358920","UNDER LIMIT","0"
"64275131312123","14730312","UNDER LIMIT","0"
"64275132211133","17122471","UNDER LIMIT","0"
"64275132232133","15928260","UNDER LIMIT","0"
"64275133231112","13763354","UNDER LIMIT","0"
"64275133312211","11978524","UNDER LIMIT","0"
"64275311112332","11848743","UNDER LIMIT","0"
"64275311222222","12038270","UNDER LIMIT","0"
"64275313312211","12015269","UNDER LIMIT","0"
"64321572111131","15816724","UNDER LIMIT","0"
"64321572132131","11146225","UNDER LIMIT","0"
"64321572311132","14665867","UNDER LIMIT","0"
"64325713121222","21637456","UNDER LIMIT","0"
"64351272132131","10438465","UNDER LIMIT","0"
"64357212313211","14443735","UNDER LIMIT","0"
"64357213231322","16066725","UNDER LIMIT","0"
"64357213312211","16318748","UNDER LIMIT","0"
"64531271212211","18210760","UNDER LIMIT","0"
"64531272132131","10625589","UNDER LIMIT","0"
"64531273122131","10159145","UNDER LIMIT","0"
"64531273123121","12073251","UNDER LIMIT","0"
"64531273311311","10852541","UNDER LIMIT","0"
"64531273312211","10588703","UNDER LIMIT","0"
"64572131122223","10567359","UNDER LIMIT","0"
"64713253112111","9805887","UNDER LIMIT","0"
"65123471112311","10277011","UNDER LIMIT","0"
"65123471233232","10109503","UNDER LIMIT","0"
"65123472312311","10735042","UNDER LIMIT","0"
"65132471212112","11427895","UNDER LIMIT","0"
"65132471222111","9842033","UNDER LIMIT","0"
"65132471231321","13464456","UNDER LIMIT","0"
"65132471323121","12171842","UNDER LIMIT","0"
"65132472131231","11448145","UNDER LIMIT","0"
"65132472212231","16068476","UNDER LIMIT","0"
"65132472233321","13949458","UNDER LIMIT","0"
"65132473111331","12466183","UNDER LIMIT","0"
"65132473313312","9795186","UNDER LIMIT","0"
"65132473323311","9641729","UNDER LIMIT","0"
"65132741223323","9482098","UNDER LIMIT","0"
"65132743222331","12987004","UNDER LIMIT","0"
"65134721233232","12257278","UNDER LIMIT","0"
"65147321232113","15640209","UNDER LIMIT","0"
"65172431132333","13957620","UNDER LIMIT","0"
"65174232123131","10619565","UNDER LIMIT","0"
"65174232133313","13957288","UNDER LIMIT","0"
"65174232323312","12724272","UNDER LIMIT","0"
"65174233323212","12767468","UNDER LIMIT","0"
"65174233331213","14623209","UNDER LIMIT","0"
"65174322313211","11087190","UNDER LIMIT","0"
"65174323223123","11690600","UNDER LIMIT","0"
"65213741111111","12869119","UNDER LIMIT","0"
"65241371111111","13682502","UNDER LIMIT","0"
"65243712121322","14385409","UNDER LIMIT","0"
"65271341332331","11774081","UNDER LIMIT","0"
"65271432231233","11316802","UNDER LIMIT","0"
"65274131111111","14037305","UNDER LIMIT","0"
"65274131311313","10637611","UNDER LIMIT","0"
"65274131312213","11984492","UNDER LIMIT","0"
"65274132123332","10638702","UNDER LIMIT","0"
"65274133132223","10410248","UNDER LIMIT","0"
"65274133232321","9028207","UNDER LIMIT","0"
"65274133312223","12167118","UNDER LIMIT","0"
"65314272311132","10415156","UNDER LIMIT","0"
"65314272313211","16232576","UNDER LIMIT","0"
"65321472111122","14882095","UNDER LIMIT","0"
"65417321232113","11700294","UNDER LIMIT","0"
"65417323223123","10854710","UNDER LIMIT","0"
"65417323232123","11400964","UNDER LIMIT","0"
"65423713321322","13401953","UNDER LIMIT","0"
"65432173232321","12273731","UNDER LIMIT","0"
"65471231132213","15294225","UNDER LIMIT","0"
"65714323223123","12435729","UNDER LIMIT","0"
"65723143321313","11082517","UNDER LIMIT","0"
"65732411333123","21057126","UNDER LIMIT","0"
"65742311212313","11396623","UNDER LIMIT","0"
"67132541133311","18193770","UNDER LIMIT","0"
"67145323133312","13221691","UNDER LIMIT","0"
"67154233323332","15286448","UNDER LIMIT","0"
"67215343333133","14525049","UNDER LIMIT","0"
"67231541323112","13822049","UNDER LIMIT","0"
"67231543323122","13167337","UNDER LIMIT","0"
"67234513332122","10144485","UNDER LIMIT","0"
"67245131313323","12633585","UNDER LIMIT","0"
"67245311112311","17116852","UNDER LIMIT","0"
"67245311133233","13520653","UNDER LIMIT","0"
"67254311131133","18332196","UNDER LIMIT","0"
"67254313311113","11463786","UNDER LIMIT","0"
"67312452233321","11665958","UNDER LIMIT","0"
"67312541121221","9785146","UNDER LIMIT","0"
"67312542221111","13427588","UNDER LIMIT","0"
"67321451111123","12676436","UNDER LIMIT","0"
"67321451112311","10999821","UNDER LIMIT","0"
"67321451212211","18477812","UNDER LIMIT","0"
"67321451311133","13932185","UNDER LIMIT","0"
"67321452111122","13162909","UNDER LIMIT","0"
"67321453113311","12677384","UNDER LIMIT","0"
"67321542232133","11068991","UNDER LIMIT","0"
"67341252222323","11363635","UNDER LIMIT","0"
"67342512222113","11036741","UNDER LIMIT","0"
"67345122223133","17093899","UNDER LIMIT","0"
"67345122232133","15977928","UNDER LIMIT","0"
"67345211111123","9976491","UNDER LIMIT","0"
"67345211111132","12211304","UNDER LIMIT","0"
"67345211112233","12178175","UNDER LIMIT","0"
"67345211113322","11855313","UNDER LIMIT","0"
"67345211211122","12665024","UNDER LIMIT","0"
"67345211311133","12359742","UNDER LIMIT","0"
"67345212111122","11442082","UNDER LIMIT","0"
"67345213111133","13399630","UNDER LIMIT","0"
"67354121111111","12150755","UNDER LIMIT","0"
"67354211212121","11298292","UNDER LIMIT","0"
"67354211313113","16807995","UNDER LIMIT","0"
"67354211333111","16588052","UNDER LIMIT","0"
"67354212111221","11610486","UNDER LIMIT","0"
"67354212212222","12114466","UNDER LIMIT","0"
"67354212311132","12313308","UNDER LIMIT","0"
"67354213111313","13212693","UNDER LIMIT","0"
"67354213131311","12571700","UNDER LIMIT","0"
"67354213211132","12523801","UNDER LIMIT","0"
"67354213313333","12256851","UNDER LIMIT","0"
"67412353132121","13902594","UNDER LIMIT","0"
"67412353332221","10756341","UNDER LIMIT","0"
"67412531131133","12810775","UNDER LIMIT","0"
"67435121332112","8875419","UNDER LIMIT","0"
"67435123123121","8897078","UNDER LIMIT","0"
"67452313321232","13895372","UNDER LIMIT","0"
"71234563231322","12723476","UNDER LIMIT","0"
"71263541333222","18375950","UNDER LIMIT","0"
"71263542323123","17394396","UNDER LIMIT","0"
"71264533131323","14400212","UNDER LIMIT","0"
"71264533221323","13926085","UNDER LIMIT","0"
"71264533231223","17909364","UNDER LIMIT","0"
"71264533231313","16068534","UNDER LIMIT","0"
"71326451211311","10913463","UNDER LIMIT","0"
"71326453132121","10179696","UNDER LIMIT","0"
"71326543333313","14205411","UNDER LIMIT","0"
"71345262132131","11115681","UNDER LIMIT","0"
"71362453113311","12290356","UNDER LIMIT","0"
"71365423331312","13096503","UNDER LIMIT","0"
"71423563213232","10961630","UNDER LIMIT","0"
"71423653213232","11216474","UNDER LIMIT","0"
"71426353312211","12550493","UNDER LIMIT","0"
"71426533333223","14901376","UNDER LIMIT","0"
"71432561232323","12112116","UNDER LIMIT","0"
"71432561323232","9986684","UNDER LIMIT","0"
"71432562111221","11635417","UNDER LIMIT","0"
"71432563232213","11077569","UNDER LIMIT","0"
"71432563323113","10976778","UNDER LIMIT","0"
"71432563323122","11795880","UNDER LIMIT","0"
"71432563332113","9689620","UNDER LIMIT","0"
"71435261322233","14001220","UNDER LIMIT","0"
"71435262222122","12179038","UNDER LIMIT","0"
"71435263211123","14273523","UNDER LIMIT","0"
"71435263311122","13972198","UNDER LIMIT","0"
"71435263333133","13917026","UNDER LIMIT","0"
"71435263333223","13350782","UNDER LIMIT","0"
"71435623333331","14261895","UNDER LIMIT","0"
"71436253333112","17297437","UNDER LIMIT","0"
"71452363213232","10998712","UNDER LIMIT","0"
"71452632222131","14024657","UNDER LIMIT","0"
"71453262222221","11756836","UNDER LIMIT","0"
"71453623311122","15502698","UNDER LIMIT","0"
"71456321322323","12358496","UNDER LIMIT","0"
"71456322111221","10593187","UNDER LIMIT","0"
"71462531113322","14313110","UNDER LIMIT","0"
"71462532111212","10412585","UNDER LIMIT","0"
"71462532121112","11081530","UNDER LIMIT","0"
"71462533111223","14895473","UNDER LIMIT","0"
"71462533221113","13602505","UNDER LIMIT","0"
"71463523331222","12461495","UNDER LIMIT","0"
"71523463131311","15696703","UNDER LIMIT","0"
"71523463231313","14658762","UNDER LIMIT","0"
"71523463331312","15445053","UNDER LIMIT","0"
"71532463221332","11425682","UNDER LIMIT","0"
"71534262122222","13579688","UNDER LIMIT","0"
"71542633132322","11522141","UNDER LIMIT","0"
"71543622111131","9263866","UNDER LIMIT","0"
"71543623111121","10213006","UNDER LIMIT","0"
"71546233331213","15216777","UNDER LIMIT","0"
"71546322231212","13834107","UNDER LIMIT","0"
"71562433123232","10053243","UNDER LIMIT","0"
"71563243221221","12434950","UNDER LIMIT","0"
"71625433213133","19813736","UNDER LIMIT","0"
"71643252231212","13781244","UNDER LIMIT","0"
"71643523331213","15949624","UNDER LIMIT","0"
"72134562312212","14225838","UNDER LIMIT","0"
"72136541322233","10122719","UNDER LIMIT","0"
"72143563222331","10449775","UNDER LIMIT","0"
"72143651121113","11196074","UNDER LIMIT","0"
"72143651131112","11561451","UNDER LIMIT","0"
"72143651213111","10159275","UNDER LIMIT","0"
"72143651312111","11080044","UNDER LIMIT","0"
"72143652111311","10040786","UNDER LIMIT","0"
"72143653111211","10685751","UNDER LIMIT","0"
"72145631233223","11712095","UNDER LIMIT","0"
"72145633232231","10398561","UNDER LIMIT","0"
"72145633312223","16802070","UNDER LIMIT","0"
"72146352232223","11670607","UNDER LIMIT","0"
"72163452122222","15708151","UNDER LIMIT","0"
"72163453121213","13225971","UNDER LIMIT","0"
"72163453131212","15839926","UNDER LIMIT","0"
"72163453133333","12188239","UNDER LIMIT","0"
"72163453331333","14753736","UNDER LIMIT","0"
"72164353131113","14696841","UNDER LIMIT","0"
"72165431113331","10144732","UNDER LIMIT","0"
"72165432111113","11321270","UNDER LIMIT","0"
"72165432111122","14344432","UNDER LIMIT","0"
"72165432211112","10519728","UNDER LIMIT","0"
"72165432323312","10489684","UNDER LIMIT","0"
"72165433111112","10065495","UNDER LIMIT","0"
"72165433121333","12837439","UNDER LIMIT","0"
"72165433221233","10378973","UNDER LIMIT","0"
"72165433233323","13647065","UNDER LIMIT","0"
"72165433321223","9831779","UNDER LIMIT","0"
"72165433331213","12359516","UNDER LIMIT","0"
"72345611111111","14279993","UNDER LIMIT","0"
"72345611133113","9637977","UNDER LIMIT","0"
"72345611221223","8813379","UNDER LIMIT","0"
"72345611222222","11073152","UNDER LIMIT","0"
"72345611331332","11102889","UNDER LIMIT","0"
"72345612122111","11077609","UNDER LIMIT","0"
"72345612331331","8967415","UNDER LIMIT","0"
"72345613221221","9340258","UNDER LIMIT","0"
"72345613333331","11784877","UNDER LIMIT","0"
"72356141112323","12114424","UNDER LIMIT","0"
"72356141232113","10496303","UNDER LIMIT","0"
"72356143211123","11273324","UNDER LIMIT","0"
"72361453232333","10047537","UNDER LIMIT","0"
"72361542333233","17813533","UNDER LIMIT","0"
"72365412222212","12105759","UNDER LIMIT","0"
"72365413121312","16024469","UNDER LIMIT","0"
"72365413131212","11484772","UNDER LIMIT","0"
"72365413331333","12233062","UNDER LIMIT","0"
"72435163333313","15418660","UNDER LIMIT","0"
"72513641232323","10518224","UNDER LIMIT","0"
"72513641233322","13092809","UNDER LIMIT","0"
"72516342313223","12211844","UNDER LIMIT","0"
"72531463321232","13145721","UNDER LIMIT","0"
"72534163211123","13298299","UNDER LIMIT","0"
"72541631111213","10849567","UNDER LIMIT","0"
"72541631111312","12104175","UNDER LIMIT","0"
"72541631112131","12188313","UNDER LIMIT","0"
"72541631113121","12604616","UNDER LIMIT","0"
"72541632131111","11174891","UNDER LIMIT","0"
"72541633121111","14032992","UNDER LIMIT","0"
"72543162311111","9624397","UNDER LIMIT","0"
"72543163211111","10265317","UNDER LIMIT","0"
"72543611221223","13162045","UNDER LIMIT","0"
"72543611223221","13850016","UNDER LIMIT","0"
"72543611331332","15863135","UNDER LIMIT","0"
"72543611332331","13888824","UNDER LIMIT","0"
"72543612331331","13090079","UNDER LIMIT","0"
"72543613132232","20537555","UNDER LIMIT","0"
"72543613133222","16624540","UNDER LIMIT","0"
"72543613221221","14010642","UNDER LIMIT","0"
"72543613223312","16853132","UNDER LIMIT","0"
"72543613322312","16553669","UNDER LIMIT","0"
"72546311323112","10917063","UNDER LIMIT","0"
"72546313323212","11865119","UNDER LIMIT","0"
"72561342313223","14948219","UNDER LIMIT","0"
"72561432213122","17167033","UNDER LIMIT","0"
"72561433221233","14574756","UNDER LIMIT","0"
"72561433311233","20563464","UNDER LIMIT","0"
"72561433321133","15925840","UNDER LIMIT","0"
"72561433321223","16714573","UNDER LIMIT","0"
"72563411111213","10659216","UNDER LIMIT","0"
"72563411111312","10429545","UNDER LIMIT","0"
"72563411112131","15294634","UNDER LIMIT","0"
"72563411113121","12329504","UNDER LIMIT","0"
"72563412131111","11274602","UNDER LIMIT","0"
"72563413121111","11172608","UNDER LIMIT","0"
"72643513212311","11056509","UNDER LIMIT","0"
"72643513212332","10843377","UNDER LIMIT","0"
"73125463133132","11829916","UNDER LIMIT","0"
"73146522113231","10219305","UNDER LIMIT","0"
"73246153312211","10362076","UNDER LIMIT","0"
"73456123231322","11834262","UNDER LIMIT","0"
"73516243323113","11292077","UNDER LIMIT","0"
"73516243332131","10147739","UNDER LIMIT","0"
"73541262321212","14125564","UNDER LIMIT","0"
"73542163321133","13444070","UNDER LIMIT","0"
"73542613132121","10706390","UNDER LIMIT","0"
"73542613132322","10624564","UNDER LIMIT","0"
"73564213321322","13113681","UNDER LIMIT","0"
"73614251112323","13200229","UNDER LIMIT","0"
"73615241112323","16632666","UNDER LIMIT","0"
"73615241113322","14604365","UNDER LIMIT","0"
"73615242223133","14519906","UNDER LIMIT","0"
"73615243123313","13580683","UNDER LIMIT","0"
"73615243213313","13063958","UNDER LIMIT","0"
"73615243331312","13610319","UNDER LIMIT","0"
"73615243332311","13026360","UNDER LIMIT","0"
"73615421113322","10614913","UNDER LIMIT","0"
"73615423213211","14150066","UNDER LIMIT","0"
"73615423333331","12017951","UNDER LIMIT","0"
"73624513121132","19534766","UNDER LIMIT","0"
"73624513332131","15292987","UNDER LIMIT","0"
"73625141112323","12987663","UNDER LIMIT","0"
"73625143121213","12579339","UNDER LIMIT","0"
"73625143333313","10515415","UNDER LIMIT","0"
"73625412222323","11151714","UNDER LIMIT","0"
"73642511111111","14387608","UNDER LIMIT","0"
"73642511113232","13865866","UNDER LIMIT","0"
"73642511113322","13856090","UNDER LIMIT","0"
"73642513223222","16090082","UNDER LIMIT","0"
"73645121113211","13560846","UNDER LIMIT","0"
"73645122222311","11654292","UNDER LIMIT","0"
"73645211223113","9270464","UNDER LIMIT","0"
"73645211231111","12251842","UNDER LIMIT","0"
"73645211321111","10080938","UNDER LIMIT","0"
"73645211332112","11057647","UNDER LIMIT","0"
"73645213112231","10212138","UNDER LIMIT","0"
"73645213333112","11825478","UNDER LIMIT","0"
"73651241113322","12951833","UNDER LIMIT","0"
"73652413211312","11591119","UNDER LIMIT","0"
"73652413331321","12979607","UNDER LIMIT","0"
"73654122111122","15972021","UNDER LIMIT","0"
"73654122221111","10120587","UNDER LIMIT","0"
"73654211111132","12022945","UNDER LIMIT","0"
"74123563323221","10014109","UNDER LIMIT","0"
"74123652322121","14644965","UNDER LIMIT","0"
"74123653132232","18859681","UNDER LIMIT","0"
"74123653133132","15014180","UNDER LIMIT","0"
"74123653133222","15776817","UNDER LIMIT","0"
"74123653133231","14298989","UNDER LIMIT","0"
"74125631313311","10007799","UNDER LIMIT","0"
"74125632121121","11129982","UNDER LIMIT","0"
"74125632122111","9297526","UNDER LIMIT","0"
"74125632131111","11303885","UNDER LIMIT","0"
"74125632321332","9764337","UNDER LIMIT","0"
"74125633121111","13013497","UNDER LIMIT","0"
"74125633131233","10852632","UNDER LIMIT","0"
"74125633132232","9579437","UNDER LIMIT","0"
"74125633133222","9636754","UNDER LIMIT","0"
"74125633133312","12411958","UNDER LIMIT","0"
"74125633332323","12867297","UNDER LIMIT","0"
"74126352333122","14954146","UNDER LIMIT","0"
"74132561321231","13805750","UNDER LIMIT","0"
"74132562121121","12078725","UNDER LIMIT","0"
"74132562122111","10330939","UNDER LIMIT","0"
"74132563131221","15923156","UNDER LIMIT","0"
"74132563132112","11684508","UNDER LIMIT","0"
"74136522322121","13326709","UNDER LIMIT","0"
"74152363132232","13938571","UNDER LIMIT","0"
"74152363133132","13034617","UNDER LIMIT","0"
"74152363133222","15158334","UNDER LIMIT","0"
"74152363133231","13941083","UNDER LIMIT","0"
"74156322122123","10826068","UNDER LIMIT","0"
"74156322122321","9321987","UNDER LIMIT","0"
"74156322313223","11524839","UNDER LIMIT","0"
"74156323132331","10733882","UNDER LIMIT","0"
"74156323133123","12224471","UNDER LIMIT","0"
"74163251121122","10763064","UNDER LIMIT","0"
"74163252112211","10497509","UNDER LIMIT","0"
"74163252131111","13469646","UNDER LIMIT","0"
"74163253121111","12173230","UNDER LIMIT","0"
"74163253131332","11280759","UNDER LIMIT","0"
"74163253133132","9657720","UNDER LIMIT","0"
"74163253133213","11843095","UNDER LIMIT","0"
"74163253133231","10008902","UNDER LIMIT","0"
"74163253332323","11214328","UNDER LIMIT","0"
"74165231121212","17295106","UNDER LIMIT","0"
"74165231131313","20484829","UNDER LIMIT","0"
"74165231212121","15446319","UNDER LIMIT","0"
"74165231313131","14747993","UNDER LIMIT","0"
"74165232111212","14770121","UNDER LIMIT","0"
"74165232121112","16520588","UNDER LIMIT","0"
"74165232121211","14359119","UNDER LIMIT","0"
"74165233111313","16530804","UNDER LIMIT","0"
"74165233131113","20287242","UNDER LIMIT","0"
"74165233131311","16439385","UNDER LIMIT","0"
"74165233131323","16026207","UNDER LIMIT","0"
"74165233132313","21653661","UNDER LIMIT","0"
"74165233231313","21748066","UNDER LIMIT","0"
"74213652323132","10105502","UNDER LIMIT","0"
"74251633111313","14399398","UNDER LIMIT","0"
"74256311321222","21658611","UNDER LIMIT","0"
"74256313111232","21741406","UNDER LIMIT","0"
"74265312333233","12299110","UNDER LIMIT","0"
"74312652333332","11615598","UNDER LIMIT","0"
"74321563311131","14750778","UNDER LIMIT","0"
"74321653233323","12970550","UNDER LIMIT","0"
"74325163131323","12217756","UNDER LIMIT","0"
"74325612221222","11672252","UNDER LIMIT","0"
"74325613121312","14591081","UNDER LIMIT","0"
"74325613131212","11964308","UNDER LIMIT","0"
"74325613133333","11539578","UNDER LIMIT","0"
"74361253112132","15733170","UNDER LIMIT","0"
"74361253211231","10000410","UNDER LIMIT","0"
"74365211121221","10023298","UNDER LIMIT","0"
"74365211213111","12179645","UNDER LIMIT","0"
"74365211312111","11993206","UNDER LIMIT","0"
"74365211313113","10848938","UNDER LIMIT","0"
"74365211333111","10669775","UNDER LIMIT","0"
"74365212111311","12162825","UNDER LIMIT","0"
"74365212222323","9390427","UNDER LIMIT","0"
"74365212333332","9534579","UNDER LIMIT","0"
"74365213111211","12795507","UNDER LIMIT","0"
"74365213121333","9856725","UNDER LIMIT","0"
"74512361322233","13823356","UNDER LIMIT","0"
"74512362313223","9597058","UNDER LIMIT","0"
"74513263121222","19272800","UNDER LIMIT","0"
"74521632222212","14412924","UNDER LIMIT","0"
"74521633121213","15233115","UNDER LIMIT","0"
"74521633121312","13342143","UNDER LIMIT","0"
"74521633133333","17184839","UNDER LIMIT","0"
"74521633333313","15720515","UNDER LIMIT","0"
"74523611121113","10350526","UNDER LIMIT","0"
"74523611131112","12042506","UNDER LIMIT","0"
"74523611213111","11272990","UNDER LIMIT","0"
"74523611312111","10514849","UNDER LIMIT","0"
"74523612111311","10877156","UNDER LIMIT","0"
"74523613111211","10179901","UNDER LIMIT","0"
"74532163123223","11441973","UNDER LIMIT","0"
"74561231111222","10888634","UNDER LIMIT","0"
"74561232111113","11916089","UNDER LIMIT","0"
"74561232221111","11793738","UNDER LIMIT","0"
"74561233111112","11691790","UNDER LIMIT","0"
"74561233131233","10434166","UNDER LIMIT","0"
"74561233233323","13829822","UNDER LIMIT","0"
"74561233311233","10025161","UNDER LIMIT","0"
"74561233321133","10953408","UNDER LIMIT","0"
"74561233321313","13887458","UNDER LIMIT","0"
"74563211232332","11228307","UNDER LIMIT","0"
"74653213133222","13936405","UNDER LIMIT","0"
"75132463233233","11673449","UNDER LIMIT","0"
"75143263231313","14693843","UNDER LIMIT","0"
"75146321323331","13377868","UNDER LIMIT","0"
"75213642223133","11832692","UNDER LIMIT","0"
"75231463211123","17513903","UNDER LIMIT","0"
"75234161322233","10534014","UNDER LIMIT","0"
"75234162221111","14113008","UNDER LIMIT","0"
"75236143213232","10732437","UNDER LIMIT","0"
"75241632222323","12194293","UNDER LIMIT","0"
"75243162211322","21518477","UNDER LIMIT","0"
"75243611113232","11644480","UNDER LIMIT","0"
"75243613213232","10540682","UNDER LIMIT","0"
"75246131333312","12860285","UNDER LIMIT","0"
"75246311111111","25108189","UNDER LIMIT","0"
"75246313212311","12126663","UNDER LIMIT","0"
"75246313312211","12245099","UNDER LIMIT","0"
"75246313332332","11383163","UNDER LIMIT","0"
"75261432123233","12971358","UNDER LIMIT","0"
"75264132121232","12241048","UNDER LIMIT","0"
"75264132223331","10459517","UNDER LIMIT","0"
"75264132321212","11743328","UNDER LIMIT","0"
"75264133121333","12744262","UNDER LIMIT","0"
"75264133331213","11611047","UNDER LIMIT","0"
"75264311223122","13830404","UNDER LIMIT","0"
"75264313231112","13063737","UNDER LIMIT","0"
"75312463333133","13849098","UNDER LIMIT","0"
"75314621133221","9839382","UNDER LIMIT","0"
"75314621313212","22006141","UNDER LIMIT","0"
"75314623113122","11081232","UNDER LIMIT","0"
"75316241231231","13132717","UNDER LIMIT","0"
"75321461311112","13041280","UNDER LIMIT","0"
"75321463132121","10133157","UNDER LIMIT","0"
"75346122133133","12750303","UNDER LIMIT","0"
"75346211133122","11524532","UNDER LIMIT","0"
"75346211211311","15588089","UNDER LIMIT","0"
"75346211311211","11567330","UNDER LIMIT","0"
"75346212323333","12033233","UNDER LIMIT","0"
"75346213112132","10667181","UNDER LIMIT","0"
"75346213132121","9885437","UNDER LIMIT","0"
"75346213132322","10820457","UNDER LIMIT","0"
"75346213332122","11658585","UNDER LIMIT","0"
"75412631223332","10078324","UNDER LIMIT","0"
"75416323232213","13148696","UNDER LIMIT","0"
"75431263133213","15047115","UNDER LIMIT","0"
"75462132123212","16751814","UNDER LIMIT","0"
"75613243131332","14095246","UNDER LIMIT","0"
"75613243133213","11517246","UNDER LIMIT","0"
"75634123323122","11116262","UNDER LIMIT","0"
"75641323232111","10769840","UNDER LIMIT","0"
"75642132213311","9704868","UNDER LIMIT","0"
"76123453233323","10772120","UNDER LIMIT","0"
"76125343333133","13127578","UNDER LIMIT","0"
"76143252131312","12319227","UNDER LIMIT","0"
"76143252221222","11982553","UNDER LIMIT","0"
"76143253131212","12934243","UNDER LIMIT","0"
"76143253331333","12397768","UNDER LIMIT","0"
"76143253333313","16659658","UNDER LIMIT","0"
"76145231121113","10136177","UNDER LIMIT","0"
"76145231122112","18499913","UNDER LIMIT","0"
"76145231131112","10767523","UNDER LIMIT","0"
"76145231221112","18546333","UNDER LIMIT","0"
"76145231311331","9587549","UNDER LIMIT","0"
"76145232123332","10461908","UNDER LIMIT","0"
"76145232233213","16445453","UNDER LIMIT","0"
"76145232331313","13006978","UNDER LIMIT","0"
"76145232332213","17123410","UNDER LIMIT","0"
"76145233133213","13738731","UNDER LIMIT","0"
"76145233232333","10240249","UNDER LIMIT","0"
"76154323333112","14200935","UNDER LIMIT","0"
"76213543213133","13136315","UNDER LIMIT","0"
"76213543311332","12495162","UNDER LIMIT","0"
"76215341231231","10952017","UNDER LIMIT","0"
"76215433333133","13334317","UNDER LIMIT","0"
"76231451123111","10246197","UNDER LIMIT","0"
"76245311121131","9148071","UNDER LIMIT","0"
"76245311131121","8586664","UNDER LIMIT","0"
"76245311213312","11986488","UNDER LIMIT","0"
"76245312132131","10279463","UNDER LIMIT","0"
"76245313122122","11750816","UNDER LIMIT","0"
"76245313123121","10026316","UNDER LIMIT","0"
"76253141123132","11057932","UNDER LIMIT","0"
"76253141211332","10462944","UNDER LIMIT","0"
"76253413322312","12463205","UNDER LIMIT","0"
"76254133311323","22749726","UNDER LIMIT","0"
"76254313211111","19373465","UNDER LIMIT","0"
"76312452212111","17764070","UNDER LIMIT","0"
"76312453211111","11482932","UNDER LIMIT","0"
"76312453311311","11830199","UNDER LIMIT","0"
"76312542321212","10498588","UNDER LIMIT","0"
"76312542322121","10304466","UNDER LIMIT","0"
"76312543322222","14771951","UNDER LIMIT","0"
"76315241112113","11744874","UNDER LIMIT","0"
"76315241113112","10509467","UNDER LIMIT","0"
"76315241223113","10655355","UNDER LIMIT","0"
"76315241322122","10126121","UNDER LIMIT","0"
"76315241323313","11697969","UNDER LIMIT","0"
"76315241332112","9603060","UNDER LIMIT","0"
"76315243211231","9976525","UNDER LIMIT","0"
"76315243323323","10783162","UNDER LIMIT","0"
"76321452122123","14215908","UNDER LIMIT","0"
"76321452122321","14467234","UNDER LIMIT","0"
"76321452122333","13747848","UNDER LIMIT","0"
"76321452123323","16819910","UNDER LIMIT","0"
"76321452212231","15659036","UNDER LIMIT","0"
"76321452213122","15337293","UNDER LIMIT","0"
"76321453233131","14768171","UNDER LIMIT","0"
"76321453311233","18353898","UNDER LIMIT","0"
"76321453313312","18153078","UNDER LIMIT","0"
"76321453321133","15091417","UNDER LIMIT","0"
"76321453323311","16819032","UNDER LIMIT","0"
"76321542211112","18048413","UNDER LIMIT","0"
"76321543211111","12485202","UNDER LIMIT","0"
"76321543311131","13672944","UNDER LIMIT","0"
"76324151112233","10683842","UNDER LIMIT","0"
"76324151112323","13758196","UNDER LIMIT","0"
"76324153323122","10087250","UNDER LIMIT","0"
"76325411111213","11178151","UNDER LIMIT","0"
"76325411111312","16088394","UNDER LIMIT","0"
"76325411112131","10333070","UNDER LIMIT","0"
"76325411113121","12361431","UNDER LIMIT","0"
"76325411122121","10124224","UNDER LIMIT","0"
"76325411331311","11626510","UNDER LIMIT","0"
"76325412112121","14072539","UNDER LIMIT","0"
"76325412231212","12846681","UNDER LIMIT","0"
"76325412333233","11870828","UNDER LIMIT","0"
"76325413222223","10606552","UNDER LIMIT","0"
"76341251111213","12004761","UNDER LIMIT","0"
"76341251111312","13935892","UNDER LIMIT","0"
"76341251112131","14053556","UNDER LIMIT","0"
"76341251113121","11170956","UNDER LIMIT","0"
"76341251221121","10828693","UNDER LIMIT","0"
"76341251311313","11086248","UNDER LIMIT","0"
"76341252232313","10360415","UNDER LIMIT","0"
"76341252323333","10488270","UNDER LIMIT","0"
"76341253221212","12954254","UNDER LIMIT","0"
"76341253233131","9314863","UNDER LIMIT","0"
"76342511111231","9846097","UNDER LIMIT","0"
"76342511111321","12314982","UNDER LIMIT","0"
"76342511323112","10329443","UNDER LIMIT","0"
"76342512232223","10977212","UNDER LIMIT","0"
"76342513213112","15045861","UNDER LIMIT","0"
"76342513322111","14190356","UNDER LIMIT","0"
"76342513323122","10829820","UNDER LIMIT","0"
"76342513323212","11552576","UNDER LIMIT","0"
"76345122211112","14413026","UNDER LIMIT","0"
"76345122211121","11868970","UNDER LIMIT","0"
"76345122213311","10539112","UNDER LIMIT","0"
"76345122311111","12424316","UNDER LIMIT","0"
"76345123211111","10650498","UNDER LIMIT","0"
"76345123311113","11945614","UNDER LIMIT","0"
"76345123311131","10942634","UNDER LIMIT","0"
"76345123312211","10223658","UNDER LIMIT","0"
"76351421112323","14460102","UNDER LIMIT","0"
"76351421113322","10300926","UNDER LIMIT","0"
"76351423321232","10867548","UNDER LIMIT","0"
"76354121121212","11111580","UNDER LIMIT","0"
"76354121122121","9152874","UNDER LIMIT","0"
"76354121311313","10817341","UNDER LIMIT","0"
"76354121313131","11413232","UNDER LIMIT","0"
"76354122111212","13305989","UNDER LIMIT","0"
"76354122112121","11609415","UNDER LIMIT","0"
"76354122212222","13034165","UNDER LIMIT","0"
"76354123211123","12147058","UNDER LIMIT","0"
"76354123211132","10845184","UNDER LIMIT","0"
"76354123313333","14113008","UNDER LIMIT","0"
"76354212213323","10831558","UNDER LIMIT","0"
"76354212312233","12466799","UNDER LIMIT","0"
"76354212313322","13432861","UNDER LIMIT","0"
"76354212333332","10955573","UNDER LIMIT","0"
"76354213222223","10090974","UNDER LIMIT","0"
"76354213312223","10163698","UNDER LIMIT","0"
"76421351131121","9420069","UNDER LIMIT","0"
"76512343213313","19093716","UNDER LIMIT","0"
"76512343332311","17420167","UNDER LIMIT","0"
"76514321112323","12374372","UNDER LIMIT","0"
"76514321232113","12215467","UNDER LIMIT","0"
"76521433232333","10780318","UNDER LIMIT","0"
"76523413223231","11562949","UNDER LIMIT","0"
"76524313331222","14304950","UNDER LIMIT","0"
"76541232131213","20028467","UNDER LIMIT","0"
"76541232221222","10847788","UNDER LIMIT","0"
"76541233121213","13253620","UNDER LIMIT","0"
"76541233331333","12288778","UNDER LIMIT","0"
"76541233333313","14540225","UNDER LIMIT","0"
"76543211111111","23244425","UNDER LIMIT","0"
"76543211212112","13624761","UNDER LIMIT","0"
"76543211223221","10233391","UNDER LIMIT","0"
"76543211332331","10073786","UNDER LIMIT","0"
"76543211333333","12370806","UNDER LIMIT","0"
"76543212132323","10650765","UNDER LIMIT","0"
"76543212222221","10531891","UNDER LIMIT","0"
"76543212323213","10894411","UNDER LIMIT","0"
"76543213113131","10708177","UNDER LIMIT","0"
